pl_name,pl_rade,pl_bmasse,pl_eqt,pl_orbsmax,st_teff,st_rad,pl_density,interior_esi,surface_esi,habitability_index
GJ 1061 d,1.16,1.67,242.03,0.054,2953.0,0.156,5.898626233550337,0.9603323068864008,0.8628247456581389,0.9102738480460442
GJ 1002 b,1.03,1.08,230.9,0.0457,3024.0,0.137,5.449045770513788,0.9927988220922057,0.7528721370897604,0.8645522372238451
TOI-7166 b,2.01,4.7,249.0,0.06191,3099.0,0.222,3.1909357535690703,0.7540176601579875,0.9353568675019868,0.8398068805663317
Kepler-1544 b,1.78,3.82,269.0,0.54465,4886.0,0.74,3.7343217186518713,0.8122354736440983,0.8597516169048525,0.835655887176649
Proxima Cen d,0.692,0.26,282.0,0.02881,2900.0,0.141,4.325770146479267,0.8817027442662626,0.7498684274928545,0.8131181035735687
GJ 3323 b,1.23,2.02,290.06,0.03282,3159.0,0.119,5.9847278993877415,0.9478224997558058,0.6900527998296946,0.8087320753488597
GJ 273 b,1.51,2.89,292.47,0.091101,3382.0,0.293,4.627808456908761,0.8927571314706728,0.6732726366390289,0.7752863650184724
Kepler-61 b,2.15,5.27,273.0,0.24861,4017.0,0.62,2.923503445217605,0.722221188631967,0.8240324130896854,0.7714490708095387
GJ 682 b,1.93,4.4,281.93,0.08,3028.0,0.298255,3.3743422050752994,0.7742014530785621,0.7504140965111944,0.7622149853746009
Kepler-1704 b,11.94877343,1322.16617312,253.8,2.027,5746.0,1.697,4.272916810948387,0.5462562734284402,0.9869105013509389,0.7342384167798341
HD 16175 b,12.8,1875.1876013,259.78,2.12,5981.0,1.72,4.929730620079587,0.5592946835103297,0.9492764106648369,0.7286461759088644
Ross 508 b,1.83,4.0,293.86,0.05366,3071.0,0.2113,3.598446884909174,0.798554060642323,0.6638133145442019,0.7280733602032916
Kepler-1690 b,2.81109223,8.3,267.0,0.7097,5404.0,0.862346,2.0599713613254935,0.6009603467387151,0.8782945257334096,0.7265123417557786
Kepler-1058 b,2.72,7.85,239.0,0.3679,4644.0,0.69,2.150657827940757,0.615294693782427,0.832168529975882,0.7155619336066464
HD 154391 b,12.5,2892.2385037,253.57,7.46,4909.0,8.56,8.164177512759228,0.5170212920200132,0.9844108137473119,0.713415272335901
Kepler-1389 b,1.77,3.78,300.0,0.38249,5078.0,0.74,3.7582042146591084,0.8147225182375818,0.623859419537666,0.712932196854626
G 261-6 b,1.1,1.37,322.3,0.02971,2907.0,0.153162,5.674804261357669,0.9783900224804826,0.500749923691458,0.6999490903612816
HD 27969 b,12.9,1525.5763536,261.0,1.552,5966.0,1.27,3.918079033744563,0.5212704623260322,0.9368202021412236,0.6988109185513078
Kepler-1450 b,1.71,3.57,308.0,0.2401,4524.0,0.68,3.9363006274661334,0.8318701182859111,0.5759764667193203,0.6921976679386476
HD 169830 c,12.6,2437.42605328,241.03,3.075,6300.0,1.935709,6.717817294304015,0.5477349199268333,0.8526480306252284,0.6833923476161272
HD 13908 c,12.8,1630.4,273.57,2.03,6255.0,1.67,4.28620197648795,0.5369353892240367,0.8190861363836595,0.6631714208612828
Kepler-1816 b,1.9679397,4.53,310.0,0.35647,5051.0,0.706,3.2769605680402045,0.7638679851170006,0.5646914911728169,0.6567722219878778
Kepler-267 d,2.27,5.77,301.0,0.154,4258.0,0.555,2.7196099165628786,0.6965168507329984,0.6176241164303128,0.6558853592761408
HD 125612 b,13.2,945.22168242,253.38,1.349,5900.0,1.07,2.2657931329940024,0.4284862024364068,0.9823480749087011,0.6487854777107331
HD 4732 c,13.1,1069.49258955,243.69,4.725,4898.0,5.03,2.6228428320707735,0.45329469790239296,0.8798460843993423,0.6315295440661531
Kepler-249 d,1.57,3.09,332.0,0.097,3568.0,0.482,4.402181016953257,0.8738269723047345,0.45629002809066954,0.6314416313004014
K2-312 c,12.8,1681.31227303,229.0,1.882,5959.0,1.199,4.420046606817121,0.5418929269544758,0.7348390876377338,0.6310341544168335
GJ 625 b,1.49,2.82,335.59,0.078361,3499.0,0.31,4.7000088703971095,0.8988176688759373,0.4410270276386581,0.6296053405852449
Kepler-1143 c,3.6,12.6,234.0,0.6477,5053.0,0.77,1.488920184032548,0.4992904000079395,0.782759642542407,0.6251594796810412
HD 106270 b,12.4,3623.2438398,237.07,3.34,5509.0,2.66,10.47709499188956,0.4765616844309183,0.8129217918785698,0.6224205800327072
Barnard e,0.637,0.193,340.0,0.0381,3195.0,0.185,4.116682625786017,0.8563342271228015,0.4230940461025403,0.6019218495531441
K2-125 b,2.18,5.39,321.22,0.121,3654.47,0.402049,2.868320381338488,0.7154753722732742,0.506009548019665,0.6016954127656293
TOI-1224 c,2.884,8.67,303.12,,3326.0,0.404,1.992699004492738,0.5900107910732942,0.6046466558022074,0.5972838954045909
HD 165155 b,13.2,918.5287,239.9,1.13,5426.0,0.95,2.2018073216322485,0.42383888542853354,0.8412184072489919,0.5971106029291214
Kepler-1503 b,2.27,5.77,321.0,0.3771,5069.0,0.74,2.7196099165628786,0.6965168507329984,0.5070889245531982,0.5943029368692171
L 363-38 b,2.0,4.67,330.0,0.048,3129.0,0.274,3.218364788651383,0.7569214486015143,0.46506306541375586,0.5933095390806058
Kepler-505 b,2.6,7.27,314.0,0.1445,3931.0,0.53,2.2804614832466252,0.6351177444308537,0.5428941177941455,0.5871981671958759
EPIC 212737443 c,2.69,7.7,316.0,0.28,4684.0,0.673,2.180932677394,0.6200360212990013,0.5323681911625322,0.5745323795179542
HIP 8541 b,12.6,2451.7283316,305.12,3.729,4672.0,6.84,6.757235964058838,0.5467925871305,0.592697581964479,0.569282569756311
Kepler-413 b,4.347,67.0,334.96,0.3553,4700.0,0.7761,4.496910629926186,0.7136443140998655,0.44366141402701975,0.5626868094294454
HD 196050 b,12.9,1493.7935129,207.52,2.65,5879.0,1.42,3.836452387208218,0.51783546575121,0.5464037369217114,0.5319278462320393
HD 28254 b,13.0,1207.7479466,212.28,2.45,5664.0,1.48,3.030781484117198,0.4780558193213492,0.5856785223771865,0.5291380026741068
HD 196885 A b,13.2,819.97,224.21,2.37,6254.0,1.31,1.965552028498179,0.4055622285308291,0.6903475533136835,0.5291303168244123
HD 153950 b,13.2,937.5985,295.3,1.28,6124.0,1.28,2.247519584365098,0.42717127547679934,0.6541785519464517,0.5286267931391024
Kepler-610 c,3.3,10.9,318.0,0.5594,5943.0,1.13,1.6722186117544904,0.5341577183610622,0.522082086432878,0.5280853871166755
Kepler-1036 b,3.01,9.32,326.0,0.47726,5533.0,0.89,1.8841904579408784,0.5718521124038106,0.48321317155261717,0.5256676448990455
Kepler-56 d,12.8,1784.0,324.75,2.16,4819.44,4.21799,4.690005106755706,0.5513857937097907,0.4890555106059876,0.5192862995339175
Kepler-230 c,2.04,4.82,359.0,0.38,5588.0,0.817,3.1301482744192746,0.746988666458183,0.35502756325372464,0.5149772480710172
K2-123 b,2.76,8.05,338.0,0.1649,4035.0,0.59,2.1109454404998327,0.6090269685538049,0.43111823605806493,0.512408657611
K2-3 c,1.582,2.68,371.8,0.1357,3844.0,0.546,3.731846149441578,0.8293452121596403,0.31641847327114603,0.5122696026959711
Kepler-786 b,2.43,6.48,348.0,0.25483,4838.0,0.74,2.4898005559627174,0.6654056147778548,0.3927091143464307,0.5111857291245068
GJ 581 c,2.5,6.81,346.13,0.0718,3500.0,0.302,2.4028986886266703,0.6529337627586335,0.3995746218813228,0.5107795624022464
HD 34445 f,6.88,37.9,266.14,1.543,5836.0,1.38,0.6416264663131528,0.29249672779446567,0.886412725916008,0.5091883951994634
Kepler-1718 b,2.5685207,7.12,345.0,0.48418,5731.0,0.906,2.316536555331385,0.64049339786198,0.40379190248024044,0.5085528956251478
Kepler-1630 b,2.19,5.43,182.0,1.1218,4736.0,0.63,2.8502034377949945,0.7132418604760347,0.3606278830278677,0.5071635852763191
Kepler-1126 b,1.73,3.64,374.0,0.41251,5798.0,0.93,3.875890051245424,0.8261189696503177,0.31029228748007903,0.5062986715600615
HD 100777 b,13.7,390.92894061,264.28,1.06,5533.0,1.04,0.8381938994706131,0.2777989584396342,0.9042753163990745,0.501205288318403
GJ 676 A e,2.47,6.67439655,351.55,0.181,3734.0,0.69,2.44190925465078,0.6584666482296804,0.3800545315790879,0.5002531694586084
GJ 180 d,2.66,7.56,187.94,0.309,3371.0,0.413049,2.2145488266854145,0.625126602165763,0.4001014157452354,0.5001140255447054
Kepler-1849 b,2.38685349,6.29,355.0,0.2597,4806.0,0.729,2.550243998159864,0.6737170933321761,0.3682146836293177,0.4980687968312919
16 Cyg B b,13.5,565.7374,228.76,1.66,5750.0,1.13,1.2677159637440119,0.3360020010738072,0.7325767208036686,0.4961322849101038
K2-239 d,1.1,1.37,399.0,0.0685,3420.0,0.36,5.674804261357669,0.9783900224804826,0.24964205387003285,0.4942138147583243
HD 217786 b,12.3,4402.55909376,207.3,2.446,5966.0,1.27,13.043622889667661,0.44101525901954525,0.544623223221772,0.4900889223979761
Kepler-1538 b,2.82,8.35,346.0,0.6095,5837.0,1.03,2.0528041878975536,0.5997456903987288,0.4000571427517128,0.4898291000732488
GJ 229 A c,2.87,8.58136699,188.1,0.384,3564.0,0.46,2.001332092887923,0.5916217698943184,0.4011964576705687,0.4871925269976879
Kepler-1684 b,2.87084792,8.6,347.0,0.2253,4706.54,0.666755,2.003901014974119,0.5918826793541434,0.39636304979452985,0.48435567913400795
BD-11 4672 c,4.04,15.37,320.21,0.3,4550.0,0.639,1.2851036191746747,0.4567819111440029,0.5109873118457694,0.4831249950843437
BD-06 1339 c,8.38,53.0,261.91,0.435,4324.0,0.686355,0.49653765426089086,0.24577474777587782,0.9276544899546952,0.477487223171234
Kepler-630 b,3.18,10.2,343.0,0.56201,5829.0,1.04,1.748747820833726,0.548412552469565,0.4113854960307738,0.4749831259394325
YZ Cet c,1.05,1.14,410.3,0.02156,3151.0,0.157,5.429318615261042,0.9890624214235543,0.22688396423943152,0.47371130771053716
Barnard c,0.743,0.335,400.0,0.0274,3195.0,0.185,4.502842331437829,0.9028671711888667,0.24752275412610272,0.47273689175133327
Kepler-1490 b,3.04,9.48,348.0,0.3729,5515.0,0.87,1.8603555790145918,0.567745147189359,0.3927091143464307,0.47218502086281505
TOI-4562 b,12.53,732.0,318.0,0.768,6096.0,1.152,2.051475064768333,0.41814381153333363,0.522082086432878,0.46723162730525736
Kepler-239 c,2.51,6.85,366.0,0.268,4914.0,0.763,2.38823897497961,0.6509160599705099,0.3332655738838849,0.4657552085337417
HD 23127 b,13.5,485.32641,223.4,2.37,5843.0,1.49,1.0875293688972507,0.31403758931966,0.6829622882730645,0.46311535345474336
HD 45350 b,13.5,568.89,217.81,1.92,5566.0,1.26442,1.274780374453467,0.3368146617412159,0.6330967117863774,0.46177511283069894
Kepler-1780 b,3.60600667,12.7,340.0,0.4276,5403.0,0.868,1.4932499826275456,0.4997153522113025,0.4230940461025403,0.4598114725261169
Kepler-397 c,6.18,31.6,295.0,0.48,5307.0,0.767,0.7381251986807088,0.32104994136366266,0.656172122236837,0.4589815043861861
Kepler-81 d,1.21,1.92,418.0,0.128,4500.0,0.595,5.975214388943457,0.9506802723511969,0.2127734934966378,0.4497550030255353
Kepler-1489 b,1.77,3.78,400.0,0.3679,5655.0,0.9,3.7582042146591084,0.8147225182375818,0.24752275412610272,0.44906832616286824
HD 142 b,12.7,2256.5816897,358.19,1.039,6245.0,1.47,6.073629160210111,0.5626501705370073,0.35765238641842134,0.44859020966946256
Kepler-1599 b,1.62,3.26,407.0,0.4823,5767.0,0.99,4.22747386064503,0.8585453757193239,0.2332673746546234,0.4475160620758924
Kepler-1132 b,2.35,6.12,384.0,0.2881,5298.0,0.83,2.599897400781349,0.6805894005376836,0.28414943321249186,0.43976026697873966
HD 40979 b,12.9,1484.2661,354.69,0.85,6165.0,1.21,3.8119834993408697,0.5167901332504817,0.36926059193704447,0.4368411959869364
Kepler-329 c,1.93,4.38,402.0,0.113,4257.0,0.523,3.35900428596132,0.773031018188131,0.24334746164570784,0.4337224182002571
HD 152843 c,5.94,9.67,253.08,0.1482,6310.0,1.43,0.2543756367221957,0.19141857577732227,0.9790952129579209,0.432916864091478
HD 120084 b,12.7,2034.1018048,369.24,4.21,4879.0,10.37,5.4748206514570015,0.5768765566867633,0.32372757097080074,0.43214678807808504
K2-136 d,1.565,3.0,420.0,0.1538,4500.0,0.677,4.315057662210167,0.8691069969918066,0.20927942346643474,0.4264811968435299
Kepler-34 b,8.564,69.92,294.42,1.0896,5913.0,1.1618,0.6137334842055626,0.2709429231858376,0.6600467094898067,0.4228888564485491
HD 106252 b,12.5,3178.28407,178.13,2.655,5874.0,1.05,8.971623640394755,0.5013930913690459,0.3361478157645791,0.41053890498119033
NY Vir b,13.3,730.978,338.12,3.3,32780.0,0.151,1.7130015579183606,0.38301894190871455,0.43063175262207987,0.40612820419370577
K2-316 c,1.83,4.01,423.0,0.0582,3436.0,0.379,3.6074430021214465,0.799199304955893,0.20416434081987742,0.40394058879991757
Kepler-241 c,2.57,7.13,397.0,0.189,4699.0,0.668,2.3157865879989137,0.6403396444827396,0.2539451942176274,0.40325075992912374
GJ 143 b,2.61,22.7,422.0,0.1915,4640.0,0.695,7.039028274399294,0.7883421491069789,0.2058528155170347,0.40284296069860964
TOI-2096 b,1.243,2.08,445.0,0.025,3300.0,0.235,5.9711547077331595,0.9468519532374858,0.17084194980380737,0.40219651150480595
Barnard b,0.72,0.299,438.0,0.0229,3195.0,0.185,4.41653903795369,0.8930809127078299,0.18069666347989796,0.40171724028710404
GJ 887 b,1.8,3.9,426.0,0.0683,3688.0,0.468,3.6868499795091663,0.8072690684097117,0.19919603895253674,0.4010047391192765
Kepler-354 d,1.24,2.07,451.0,0.146,4648.0,0.674,5.985682331114799,0.9465725872870023,0.1628963490724146,0.39267444352934683
Kepler-1716 b,2.4247685,6.46,408.0,0.18836,4894.0,0.684,2.4982163594034272,0.6665229723274155,0.23131089772864974,0.3926500058395803
HD 114783 b,13.7,349.6,210.79,1.16,5135.0,0.840622,0.7495801840551441,0.26365447814074305,0.5732305156937707,0.38876058502578437
GJ 2126 b,13.6,413.1769291,203.08,0.71,4159.0,0.728,0.9055818567066893,0.28846230659896077,0.5110665703706413,0.38395760405900975
Kepler-371 c,1.78,3.82,443.0,0.313,5666.0,0.992,3.7343217186518713,0.8122354736440983,0.17359144743350477,0.37549584754923365
GJ 1148 b,11.9,96.7,232.94,0.166,3287.0,0.358519,0.3163690310656532,0.17924307098191397,0.7724754015283805,0.37210329644862594
Kepler-1610 c,2.09,5.02,433.0,0.2323,5295.0,0.8,3.031609318463301,0.7354071843264273,0.18814734631031302,0.3719743407663444
Kepler-1995 b,4.28,16.9,375.0,0.3259,5029.0,0.93,1.1884030892455875,0.43561709307006585,0.3075539553228764,0.36602699351270845
HD 98736 b,13.3,740.5439,179.53,1.864,5271.0,0.93,1.7354186506391966,0.38505355808503916,0.34489088469875845,0.36441934951968996
HR 5183 b,13.1,1052.01202717,171.0,18.0,5794.0,1.53,2.579973186982124,0.45058796561615355,0.2936027430788667,0.3637222328965178
HD 43197 b,14.2,175.75910907,282.81,0.882,5508.0,1.0,0.33842402299971613,0.17697630409175452,0.7435881671627048,0.36276367733114795
HD 210193 b,14.3,153.1,235.69,1.487,5790.0,1.05971,0.28865258611240247,0.16297778568626708,0.7992944756517548,0.3609255376846988
HD 224018 d,2.4,4.2,411.0,0.53,5784.0,1.147,1.6750352070366172,0.5715266038579772,0.22555651917056932,0.3590425481465702
HD 29021 b,12.9,1420.69297929,163.2,2.294,5560.0,0.85,3.6487111001746246,0.5096225263667095,0.25084356163214827,0.35754094814692033
Kepler-430 c,1.75,3.71,458.0,0.4757,5884.0,1.485,3.816525232917184,0.8204027403596824,0.1541707574246757,0.3556432367900897
HD 89839 b,12.8,1748.0562385,159.03,4.713,6314.0,1.28588,4.595511594989445,0.5481368279550975,0.2295953148774802,0.35475293883249764
HD 222076 b,13.5,495.8148,346.88,1.83,4806.0,4.1,1.111031968225089,0.3170466593762242,0.39680421066155375,0.35469063903162873
HD 156411 b,14.0,235.18,304.95,1.88,5900.0,2.16,0.4725248506346148,0.20981791337985092,0.5937023573106327,0.3529438904126485
Kepler-236 b,1.57,3.09,469.0,0.065,3750.0,0.51,4.402181016953257,0.8738269723047345,0.14154690680116117,0.35169234425724866
Kepler-1771 b,4.05537256,15.5,391.0,0.3815,5661.0,0.934,1.2812910658074004,0.4557975764753841,0.26738936643966393,0.3491066100756146
TOI-2406 b,2.86,15.6,449.0,0.02267,3100.0,0.204,3.6765025664218487,0.7360198286408796,0.1654954829562226,0.3490099669153856
Kepler-1467 b,3.3,10.9,411.0,0.2388,5332.0,0.82,1.6722186117544904,0.5341577183610622,0.22555651917056932,0.34710625987097166
Kepler-966 b,4.13,16.0,391.0,0.3907,5840.0,1.02,1.2522129828101987,0.449387981479226,0.26738936643966393,0.346643285891029
HD 42012 b,13.5,508.528,182.63,1.67,5405.0,0.82,1.1395199674103478,0.3206329464143787,0.3647054575820664,0.341959917882114
KOI-1831 d,1.13,2.23,475.0,0.19924,5233.0,0.835,8.520751645511549,0.8631459028011155,0.1351761344890354,0.34157975150863884
Kepler-409 b,1.199,6.0,438.0,0.3192,5421.0,0.897,19.191197532265054,0.6320077106506266,0.18069666347989796,0.3379373974690238
Kepler-199 c,3.25,10.6,420.0,0.316,5644.0,0.967,1.702409981000838,0.5398835043851621,0.20927942346643474,0.3361346583391322
Kepler-1681 b,2.55321772,7.05,442.0,0.32,5756.4,0.759,2.3352530170294985,0.6432226310161058,0.17498574902188688,0.3354918685693917
K2-343 c,2.02,4.74,465.0,,3804.0,0.46,3.17053540918046,0.7516682017977214,0.1459910568637428,0.331265505586257
Kepler-48 e,13.4,657.0,171.49,1.898274748,5194.0,0.89,1.5054257801213222,0.36234321174256645,0.2964206696528841,0.32772857286008544
Kepler-533 b,3.38,11.4,423.0,0.16704,4758.0,0.72,1.6276578796653147,0.5254827119057544,0.20416434081987742,0.32754363295365685
HD 5319 c,13.8,334.67499,340.67,1.93,4871.0,4.06,0.7020925656544862,0.25512834479498026,0.4204454141600106,0.3275172401436044
Kepler-1737 b,5.395,25.1,383.0,0.297,5043.0,0.881,0.8812674893006124,0.3604322507473899,0.2866435642271817,0.32142741796034935
HD 27442 b,13.5,495.8,369.62,1.271,4846.0,3.18,1.1109988040816836,0.31704244581032665,0.32263014161995224,0.31982409101148357
TOI-201 c,10.4,4990.0,169.58,4.37,6423.0,1.31,24.457322045651356,0.35656291695419073,0.2855246605440201,0.31907288481776536
HD 75784 c,12.8,1792.5612,149.31,8.4,4867.0,3.4,4.712511873414875,0.5521483680589979,0.1843726920250421,0.3190628167246557
Kepler-296 b,1.61,3.22,495.0,0.079,3740.0,0.48,4.253893552400827,0.8611019411943726,0.11625181253574644,0.31639320700972007
TOI-1759 b,3.14,10.8,443.0,0.1177,4065.0,0.597,1.9232829685718118,0.5713219994749417,0.17359144743350477,0.3149231856174759
HD 125612 d,12.7,2281.37230545,147.48,3.982,5900.0,1.07,6.14035353691051,0.5609238668681236,0.17652451102372552,0.31466936825886443
Kepler-1251 b,1.84,4.04,487.0,0.2478,5545.0,0.89,3.5754957864863606,0.796099326569779,0.12342063915973975,0.3134566759855028
Kepler-858 b,4.87,21.1,399.0,0.33939,5653.0,0.91,1.007172701629434,0.39257411551801097,0.24964205387003285,0.31305432195407845
HIP 10090 c,13.9,270.15414595,338.35,0.9,5661.0,1.38268,0.5545945668111932,0.227360237022107,0.4297011342245083,0.31256511597737907
Kepler-399 d,1.89,4.23,486.0,0.261,5502.0,0.68,3.454326062882678,0.7832784036261634,0.1243529184154722,0.312094465543248
HD 126525 b,10.3,75.32571,198.47,1.837,5638.0,0.979,0.3800492976726371,0.20413523707843445,0.47571164061478016,0.3116239858192388
Kepler-278 c,3.268,34.9,492.0,0.287,4965.0,2.861,5.512995752579214,0.8055943976297892,0.11888104787001019,0.30946713258186076
Kepler-26 b,2.78,5.12,431.0,0.08551,3914.0,0.512,1.313844440591544,0.5005815831137269,0.19122867548925673,0.30939546395051315
TOI-237 c,1.206,1.9,515.0,0.016,3226.0,0.2056,5.972003478901923,0.9513135362420473,0.10037448641991824,0.3090106917642362
HD 126614 b,12.7,107.74382997,209.54,2.249,5568.0,1.369794,0.2899944063737884,0.168586940640719,0.562895677352279,0.3080533397720368
Kepler-1236 b,2.14,5.22,480.0,0.1803,5337.0,0.82,2.936551065496789,0.7240011475329857,0.1301242473523956,0.3069366455883046
GJ 3082 b,2.79,8.2,457.53,0.079,3910.0,0.465216,2.0816591369085082,0.6043679594147041,0.15473906958060665,0.3058093126838376
Kepler-276 d,2.8,16.3,489.0,0.24666,5693.0,1.03,4.093755349808775,0.7646901528391622,0.12158068957957237,0.30491237445681657
Kepler-549 b,2.57,11.0,487.0,0.23236,5360.0,0.84,3.5727422816252523,0.7456653600813923,0.12342063915973975,0.3033652836771586
Kepler-267 c,2.13,5.18,484.0,0.06,4258.0,0.555,2.9552846901512457,0.7262679170514557,0.12624250872959486,0.30279676989425275
K2-266 e,2.73,14.3,490.1,0.1249,4285.0,0.703,3.8748640589556413,0.7557459329035421,0.1205825097597136,0.3018770301467225
Kepler-1321 b,4.92,21.5,408.0,0.0781,4094.0,0.53,0.9952943211388958,0.389528427902733,0.23131089772864974,0.30017023561474376
Kepler-1513 b,8.594,48.30991786,346.0,0.56971,5491.0,0.95,0.4196223634515977,0.22471630157217012,0.4000571427517128,0.29983222231223683
XO-2 S c,13.6,438.60320166,376.79,0.4737,5325.0,1.02,0.9613099709655626,0.29645252122499194,0.30272316202410404,0.29957143491202126
HD 222155 b,13.4,581.62598481,164.93,5.14,5701.0,1.85,1.3327165173842106,0.34403190902970665,0.25998743539251506,0.29907185377735646
Kepler-283 b,2.13,5.18,488.0,0.082,4351.0,0.566,2.9552846901512457,0.7262679170514557,0.12249659074758623,0.2982705882385222
GJ 876 e,3.92,14.6,150.46,0.3343,3293.74,0.3,1.3362971101971084,0.4677608183380142,0.18941176328110984,0.29765651579499847
HD 115954 b,12.6,2685.65003915,144.9,5.0,5957.0,1.213,7.401950206929038,0.5320120598533508,0.16581359360218065,0.29700981715085195
TOI-1410 c,5.63,27.0,397.45,0.239,4635.0,0.7558,0.8341553779365651,0.34778462003596033,0.252969410515062,0.29661232327181164
LHS 1678 c,0.941,1.4,510.9,0.0327,3490.0,0.329,9.26333861973418,0.8473744945862257,0.10340973725879193,0.29601819850300287
Kepler-384 c,1.13,1.51,531.0,0.236,5577.0,0.882,5.7696569438217225,0.9700502076794295,0.08949190969589207,0.2946381604377289
Kepler-878 b,1.93,4.38,501.0,0.165,5044.0,0.77,3.35900428596132,0.773031018188131,0.11119620454104644,0.2931861443094145
Kepler-398 c,1.01,1.01,536.0,0.087,4493.0,0.613,5.404625760797071,0.9934101571372461,0.08638071702733986,0.2929359685592701
Kepler-1391 b,1.68,3.46,513.0,0.30045,5840.0,1.1,4.023061097005898,0.8401844797720399,0.10184177847570834,0.2925164639258316
Kepler-265 e,2.59,7.22,476.0,0.319,5835.0,1.103,2.291111788071878,0.6367423121596456,0.1341475110328661,0.2922625469428622
Kepler-30 d,8.8,23.1,308.0,0.5,5498.0,0.95,0.18688409334706055,0.1480370306867391,0.5759764667193203,0.29200316073386534
Kepler-1060 b,2.38,6.26,484.0,0.2495,5797.0,0.99,2.5600699773409903,0.6750543086912002,0.12624250872959486,0.291925588905631
HD 24040 b,12.9,1589.142035,143.81,4.92,5802.0,1.3,4.081332326817253,0.5279091556563137,0.16141205869107897,0.2919090673760492
Kepler-35 b,8.16,40.363,352.89,0.60347,5606.0,1.0284,0.40956358532282533,0.2249682951586448,0.3754033011977258,0.29060942976335025
HD 1605 b,13.8,296.85322,362.48,1.492,4915.0,3.49,0.6227487714352233,0.24092500678427944,0.34400584823792674,0.28788819239516283
Kepler-1675 b,3.12483349,9.93,465.0,0.32185,5853.19,1.12865,1.7942253220150017,0.556244557571109,0.1459910568637428,0.2849679470300322
Kepler-1309 b,2.37,6.21,491.0,0.1679,5235.0,0.8,2.5719050823068588,0.6767630077859954,0.11977299936511468,0.28470675317225114
TOI-707 b,2.416,6.42,491.7,0.275,5424.0,0.978,2.509878005156035,0.6681537356418172,0.11914780835997932,0.2821507633327536
Kepler-52 c,1.84,45.4,433.0,0.10379,4075.0,0.52,40.18007641249524,0.42282461955608014,0.18814734631031302,0.28205199897207633
HD 190360 d,3.48,11.9,459.21,0.3886,5560.0,1.14,1.5567454464237973,0.5125478027682411,0.15271894379974646,0.27977805325944805
TOI-4562 c,12.8,1833.86990839,138.11,5.219,6096.0,1.152,4.82110943692529,0.5557686838187529,0.13957734837976388,0.2785187950568739
TOI-2068 b,1.821,3.97,520.62,0.0632,3710.0,0.535,3.6246747618681896,0.8011574079093944,0.09638293945507867,0.27788110036582
Kepler-62 d,1.95,14.0,510.0,0.12,4925.0,0.64,10.409564873345447,0.7352384976831672,0.10409042325278468,0.27664288607441617
HIP 54373 c,3.57,12.44,463.2,0.099,4021.0,0.564998,1.5073847127261593,0.5028223786395236,0.148044489317919,0.27283709839996023
Kepler-1863 b,2.26309256,5.74,508.0,0.23678,5871.0,0.983,2.7303185284177394,0.6979178465184638,0.10562206664922046,0.27150603179423766
Kepler-1232 b,1.93,4.38,523.0,0.16545,5471.0,0.89,3.35900428596132,0.773031018188131,0.09474917374690484,0.27063638013773017
HD 180902 b,13.5,535.54355,412.37,1.4,4961.0,4.16,1.2000569656790225,0.3280418037450992,0.2229849272060023,0.2704595676411294
K2-95 b,3.31,11.0,474.0,0.0525,3566.0,0.4,1.672311122807582,0.5338163321225,0.13621407157159082,0.2696540303237063
HD 10180 f,5.24,23.9,427.54,0.4929,5911.0,1.109,0.9158248310196803,0.3694406486032549,0.19670107766752065,0.2695725759687881
HD 207832 c,14.0,232.0159,179.84,2.112,5710.0,0.901,0.4661675248420601,0.20842143781601644,0.3468441371598134,0.268867539440714
Kepler-1246 b,1.36,2.42,554.0,0.0848,4611.0,0.69,5.304042745087013,0.9441604515723243,0.07618839627980471,0.26820527704747277
Kepler-293 c,3.83,14.0,466.0,0.286,5804.0,0.957,1.3738524364667086,0.47585839013679,0.14486477809373566,0.2625549848911812
HD 75898 c,12.6,2698.36317543,135.2,7.39,6122.0,1.55,7.436989024476632,0.5312412815804519,0.12918568011070897,0.26197092637133484
Kepler-106 e,2.56,11.17,531.0,0.24006,5858.0,1.04,3.6706388062262643,0.752802631400502,0.08949190969589207,0.25955682442988015
Kepler-940 b,3.34,11.1,486.0,0.3059,5769.0,0.96,1.6424492260684338,0.5288285690653534,0.1243529184154722,0.2564398095162972
Kepler-1074 b,1.25,2.1,568.0,0.0536,4002.0,0.57,5.927855795730993,0.947925735412763,0.06923257775937904,0.2561783405892869
Kepler-1470 b,1.07,1.24,574.0,0.116,4961.0,0.76,5.580572139794664,0.9868673698679761,0.06648249386371516,0.2561433267948795
TOI-5624 f,3.66,13.0,478.5,0.2366,5327.0,0.82,1.461869046994352,0.4936155229171365,0.1316160713265852,0.25488769266516476
Kepler-926 b,2.31,5.95,524.0,0.2739,5806.0,1.01,2.6612728327865884,0.6887180288816201,0.09407247468952186,0.2545376383566556
TOI-2447 b,9.60609646,124.90656395,414.0,0.347,5730.0,1.006,0.7768779696624057,0.2942640907836869,0.21997019787575292,0.25441959491638244
Kepler-1397 b,1.72,3.61,551.0,0.25861,6026.0,1.12,3.9113820257781216,0.8293499374721839,0.07778431819915084,0.25398901439783217
HIP 57274 d,14.2,167.4,183.59,1.01,4640.0,0.68,0.3223285652158687,0.1726766318075119,0.37096866739649204,0.25309606870148615
HD 200964 b,13.5,508.21017,425.95,1.565,4982.0,4.92,1.1388077674307162,0.3205440872803001,0.19927766761924864,0.2527395459407947
Kepler-319 d,2.29,5.86,528.0,0.191,5526.0,0.903,2.690292763873136,0.6926084965555349,0.09142204892419427,0.25163403557033526
TOI-912 b,1.93,5.1,551.0,0.041,3572.0,0.419,3.911169374064551,0.8119425364551065,0.07778431819915084,0.2513093643600446
Kepler-316 c,1.16,1.65,577.0,0.058,4204.0,0.52,5.8279840032084165,0.9635288179657989,0.06515585106742897,0.2505584565776128
Kepler-379 c,2.29,5.86,530.0,0.326,6054.0,1.306,2.690292763873136,0.6926084965555349,0.09012990182112839,0.24984942624514808
HD 159868 c,14.0,244.09344,383.37,1.032,5534.0,2.13,0.49043377955986606,0.21369352947892029,0.2857177385276296,0.24709518809702558
HD 47186 c,13.0,111.42,183.18,2.395,5657.0,1.08,0.2796027713489289,0.1644677317939009,0.36828640389517947,0.2461122294790989
HD 22946 d,2.607,26.57,546.0,0.2958,6169.0,1.117,8.26755010119076,0.7500963148347175,0.08053267831463977,0.24577889500032557
Kepler-1030 b,2.48,6.71,529.0,0.1338,4983.0,0.76,2.425357997692047,0.656268413986963,0.0907732641839113,0.24407299342285918
Kepler-1486 b,2.32,5.99,538.0,0.2846,5965.0,1.12,2.6446684984256374,0.6865726211800686,0.08517206902716819,0.24181978968503096
Kepler-869 b,3.61,12.7,494.0,0.2244,5664.0,0.95,1.4883000273728852,0.4988939375495649,0.11712053292667556,0.24172447919003287
HD 216770 b,14.1,181.1631,370.18,0.46,5399.0,0.93,0.3563040674227576,0.18196390103947002,0.32102086285341697,0.24169031532079321
KOI-1783.01,8.86,71.0,412.0,0.52661,5922.0,1.143,0.5628148625551014,0.2575855977489069,0.22367602149201635,0.2400327513030636
Kepler-83 b,2.83,2.94,460.0,0.07295,4082.0,0.61,0.715148773820041,0.37832488674714904,0.1517797626591162,0.2396290080906719
Kepler-306 d,2.47,6.66,535.0,0.12,4954.0,0.719,2.436642101520653,0.6579395967547059,0.08699262046520011,0.23924023413612713
G 264-012 b,1.39,2.5,587.0,0.02279,3326.0,0.305,5.132204846060719,0.932291901532625,0.06095370545153959,0.23838340118572723
Kepler-139 e,13.7,378.0,154.06,3.23579639,5622.0,1.045,0.8104728534692348,0.2734848158540298,0.20572422904006105,0.23719707606910617
Kepler-397 b,2.46,6.62,539.0,0.144,5307.0,0.767,2.4516645231402756,0.6599826117202113,0.08457522835829386,0.2362587143339692
GJ 504 b,12.10569916,1271.3,510.0,43.5,6234.0,1.26,3.9508158776611126,0.5314642766878522,0.10409042325278468,0.23520276678681654
HD 187123 c,13.2,912.16752809,135.42,4.89,5790.0,1.15043,2.186558941385013,0.4227133594427986,0.12995367749135633,0.23437823189092719
Kepler-700 b,5.99,30.0,452.0,0.3577,5692.0,0.96,0.7695718299737143,0.329928122507092,0.16161484634077763,0.2309140160806289
Kepler-251 d,2.77,8.1,536.0,0.182,5526.0,0.89,2.1011356242899435,0.6074699316380296,0.08638071702733986,0.2290713606443244
Kepler-418 b,13.45,349.6112477,434.0,0.39249,5820.0,1.09,0.7921855527204337,0.27191106234922974,0.18662865422327474,0.2252696065488145
HD 21411 b,9.52,65.9,408.17,0.362,5605.0,0.825605,0.4210977723311982,0.21927429130369586,0.23098022422080935,0.22505116078613488
Kepler-1102 b,2.66,7.56,546.0,0.2731,5724.0,0.94,2.2145488266854145,0.625126602165763,0.08053267831463977,0.22437272463055571
HIP 111909 b,13.7,384.57237247,436.91,1.32,4891.0,4.53,0.8245647303735298,0.27568994279099784,0.1822908094313043,0.22417792670876627
Kepler-1451 b,3.35,11.2,523.0,0.2101,5782.0,0.99,1.6424493138370833,0.5284818216940348,0.09474917374690484,0.22377045369254825
Kepler-572 b,2.58,7.18,553.0,0.1192,5212.0,0.79,2.305014707712068,0.6387058897561514,0.0767160422222232,0.22135715033880327
Kepler-292 f,2.35,6.12,563.0,0.141,5299.0,0.826,2.599897400781349,0.6805894005376836,0.07162722866176183,0.22079115158240392
TOI-139 b,2.4566,6.6,561.17,,4570.0,0.7007,2.4544204880124405,0.6604421864313956,0.07252799671226041,0.2188619398756539
Kepler-580 b,2.57,7.13,558.0,0.0683,4298.0,0.64,2.3157865879989137,0.6403396444827396,0.07412015830542099,0.21785792576424126
Kepler-358 b,2.72,7.85,554.0,0.21,5908.0,0.954,2.150657827940757,0.615294693782427,0.07618839627980471,0.21651400868940707
K2-59 b,2.41,6.39,566.37,0.1354,5055.0,0.731,2.516854472987345,0.669170675993033,0.07000271353684373,0.21643420048318696
Kepler-1124 b,1.28,2.18,621.0,0.0305,3658.0,0.34,5.7310600519772645,0.9531634534340168,0.04887296306734488,0.215833088883108
Kepler-2001 c,1.82,3.97,597.0,0.1084,5081.0,0.77,3.630652783911319,0.8016644328073126,0.0570674732379977,0.21389007355435155
Kepler-82 c,5.34,13.9,450.0,0.2626,5401.0,0.898,0.5032681005357866,0.2766226168607969,0.16418985140388995,0.21311646195761
Kepler-1444 b,2.18,5.39,581.0,0.20906,5810.0,1.05,2.868320381338488,0.7154753722732742,0.06343523521014979,0.21304072034994773
Kepler-142 d,2.16,5.31,582.0,0.242,5790.0,1.269,2.904969935777789,0.7199650792419532,0.06301348903624826,0.21299650613870272
TOI-2194 b,1.9892,4.61,590.88,,4756.0,0.6909,3.2290438908422057,0.7585475216928108,0.0594098862312233,0.21228570833842367
Kepler-1442 b,3.93,14.7,522.0,0.40814,6394.0,1.44,1.335205332439664,0.46732570385310457,0.09543162032068139,0.21118155491473367
HD 164922 e,3.23,10.52012027,543.73,0.2292,5393.43,1.001813,1.7211610617716857,0.5430324746736789,0.08181813978523697,0.21078402909322663
Kepler-1697 b,1.25954761,2.12,630.0,0.2008,4681.53,0.772344,5.84925386816987,0.9502818385118502,0.04616343660820642,0.2094475481166386
HD 95089 b,13.7,400.4658,458.34,1.36,4918.0,5.08,0.8586419567270897,0.2809205931727483,0.1537611719661064,0.20783329770673314
V0391 Peg b,13.1,1017.056,519.69,1.7,29300.0,0.23,2.4942463982260814,0.4450443206596913,0.09703035534205771,0.20780473665577145
Kepler-1992 b,0.91,0.693,637.0,0.1169,5383.0,0.842,5.070110587910416,0.9641818433549203,0.044177963821747726,0.2063869923064913
K2-126 b,1.97,4.54,601.0,0.0656,4339.0,0.65,3.2739010474955883,0.7634775997196418,0.055595286896765,0.2060236787256916
Kepler-399 c,1.43,2.63,630.0,0.155,5502.0,0.68,4.95856499984075,0.9190150991540618,0.04616343660820642,0.20597304501264982
HD 90156 b,4.43,17.98,518.01,0.25,5599.0,0.920286,1.1402153497172647,0.4243239285010872,0.09821292752491467,0.20414234062772071
HD 64114 b,4.41,17.8,518.51,0.246,5676.0,0.882858,1.144228098492246,0.425432202890784,0.09785920389234043,0.20404033102564986
81 Cet b,13.1,1051.05854195,526.92,2.104,4734.0,11.21,2.5776348427063454,0.4504390915471581,0.09212888765838466,0.20371168955681698
HD 73344 d,13.2,810.46243785,126.51,6.7,6148.0,1.22,1.9427614287567188,0.40369848891129545,0.10111160487042922,0.20203614057288924
Kepler-1886 b,2.58158428,7.18,580.0,0.16,5745.0,0.837,2.3007736513894983,0.6381817598910932,0.06386031397077609,0.2018774072477345
K2-58 d,1.71,3.57,621.48,0.1517,5413.0,0.86,3.9363006274661334,0.8318701182859111,0.048723801321280624,0.20132529490472115
Kepler-1077 b,2.77,8.1,576.0,0.2101,5816.0,1.02,2.1011356242899435,0.6074699316380296,0.06559456705240566,0.1996164501316237
Kepler-26 d,1.07,1.24,652.0,0.039,4486.0,0.571,5.580572139794664,0.9868673698679761,0.04025250576058521,0.1993085158505383
Kepler-184 c,1.97,8.8,630.0,0.141,5788.0,0.873,6.345887492942991,0.8591527541810249,0.04616343660820642,0.19915181069827534
HD 108236 f,2.017,4.72,609.59,0.1758,5660.0,0.877,3.171266051971757,0.7519399785659523,0.05258242625565099,0.19884372877116333
HD 3651 b,10.1,72.46524,432.84,0.295,5221.0,0.871954,0.38776980481816076,0.20725100664788562,0.1883916872245685,0.19759647471902284
Kepler-242 c,2.0,4.66,613.0,0.109,5020.0,0.85,3.211473215228147,0.7563734415711524,0.051440065882158166,0.19725085466464978
Kepler-797 b,2.17,5.35,605.0,0.181,5680.0,0.95,2.8865757245302284,0.7177164590255769,0.05416767869295002,0.19717260089865243
Kepler-891 b,6.41,33.6,486.0,0.2881,5887.0,1.07,0.7033533549204729,0.31099601584418796,0.1243529184154722,0.19665518601300402
Kepler-341 d,1.85,4.08,622.0,0.182,6012.0,1.024,3.552657596342724,0.7936483613861003,0.04856281482811448,0.19632065202782328
GJ 3942 b,2.57,7.14,590.0,0.0608,3867.0,0.61,2.319034535527664,0.6406777236422966,0.05975594882842238,0.1956637556357314
Kepler-1176 b,2.45,6.57,595.0,0.1589,5844.0,1.02,2.46306283351531,0.6616618077591602,0.057820784147419965,0.19559602389883615
TOI-6692 b,11.67975789,197.05361234,467.0,0.512,5890.0,1.385,0.6818537825300858,0.2629412499668711,0.1437487312380869,0.19441571714471642
Kepler-127 d,2.64,7.46,590.0,0.28,6106.0,1.359,2.2352979579430357,0.6283328319062244,0.05975594882842238,0.19376951398660747
Kepler-1656 c,14.0,126.4,161.19,3.053,5569.0,1.1,0.2539635220691186,0.1535413662002791,0.24046207519227905,0.19214805631173262
Kepler-122 f,1.75,36.0,543.0,0.28575,5917.0,0.949,37.03366802830691,0.44332701420818904,0.08223665725979663,0.19093907856027753
K2-244 b,1.75,3.71,638.0,0.1418,5677.0,0.92,3.816525232917184,0.8204027403596824,0.04390262034270873,0.18978364006976203
HD 142 c,12.4,3464.64746471,116.56,9.811,6245.0,1.47,10.018492325147982,0.4840404580161711,0.07418775646129798,0.18949901217874152
Kepler-1914 b,2.9429803,8.97,585.0,0.1954,5982.0,0.96,1.940165387806514,0.5813257386406453,0.06176794694326703,0.1894922092886958
Kepler-310 b,1.19,1.81,665.0,0.111,5797.0,0.876,5.921695410846253,0.9555313366338432,0.03717966788581407,0.18848431698826906
Kepler-193 c,2.75,8.0,595.0,0.286,6335.0,1.147,2.1208027604489974,0.6105879973504714,0.057820784147419965,0.18789538790988736
TOI-1744.01,2.68,7.65,598.0,0.164086,6179.0,1.14,2.1911162895601426,0.6216239695227173,0.05669516045066451,0.18773137908210613
Kepler-1796 b,2.75047868,8.0,598.0,0.1879,6036.0,0.949,2.1196956703941283,0.6104426313684078,0.05669516045066451,0.18603532710578852
Kepler-239 b,2.33,6.04,616.0,0.095,4914.0,0.763,2.63255558620014,0.6848461009780943,0.05045919034757703,0.18589453937125108
Kepler-874 b,3.94,14.7,560.0,0.2234,6020.0,1.13,1.325064575941221,0.4655238454034265,0.07311089928056684,0.18448541127685975
HIP 65407 c,13.9,249.17872,457.04,0.316,5460.0,0.952252,0.5115344937276822,0.21857035314488168,0.15533419745718235,0.18425919351200126
Kepler-1269 b,1.63,3.29,657.0,0.23611,5998.0,1.15,4.1883354649805495,0.8551974270987659,0.039036456200653165,0.18271255267729214
Kepler-335 c,3.07,9.64,592.0,0.356,5877.0,1.854,1.8368355748199083,0.5636689593328755,0.05897285494360371,0.1823216053432772
TOI-1105 b,3.05823658,9.58,594.0,,4678.46,0.755833,1.8465481965183395,0.5653283431953202,0.05820183415161241,0.18139224479524987
Kepler-189 b,1.21,1.92,678.0,0.088,5235.0,0.75,5.975214388943457,0.9506802723511969,0.03437969428779029,0.18078743631366467
HD 31527 c,3.85,14.16,571.07,0.2663,5898.0,1.073694,1.3680105269660074,0.4744314095704879,0.06780903400108972,0.1793620238031176
Kepler-67 b,2.94,8.96,602.0,0.1171,5331.0,0.778,1.9439021178879508,0.5818937622942241,0.05523426716846727,0.17927764927682358
TOI-4342 b,2.329,7.3,639.0,0.0519,3866.0,0.598,3.1858312577070733,0.7322812357871112,0.04362929825578989,0.1787425982894796
HD 50499 c,13.2,931.2419,116.69,9.02,6099.0,1.42,2.2322821634541485,0.42606736342798956,0.07450506412474074,0.17816895418018702
Kepler-1808 b,3.02511302,9.4,601.0,0.1467,5530.0,0.892,1.8720240064393194,0.5697647575745158,0.055595286896765,0.17797818731805584
HIP 39330 b,13.5,530.77343969,125.05,5.05,5748.0,1.02786,1.1893680047073651,0.32675392167744355,0.09681955631888316,0.1778655945433663
HD 96063 b,13.7,403.6441,500.75,1.11,5020.0,4.75,0.865456575431273,0.2819498323054343,0.1114016114323815,0.17722772261109468
Kepler-417 c,2.69,7.7,616.0,0.1194,5177.0,0.806,2.180932677394,0.6200360212990013,0.05045919034757703,0.1768799469162082
HD 30669 b,14.3,149.37,151.45,2.69,5400.0,0.91,0.2816200965879135,0.16094576451759965,0.19381624334474343,0.17661795905583572
HD 180053 b,13.3,697.31902,542.98,0.843,5131.0,4.06,1.634123828112617,0.3756804366461504,0.08224815897376714,0.17578118294233552
Kepler-1021 b,2.33,6.04,634.0,0.1034,5431.0,0.86,2.63255558620014,0.6848461009780943,0.04501629585477108,0.17558255806490666
Kepler-1685 b,2.57673985,7.16,625.0,0.1485,5484.0,0.835451,2.3073297980697673,0.6391136811616571,0.04764620028773633,0.17450311876657326
Kepler-477 b,2.07,4.94,649.0,0.0911,5240.0,0.79,3.0706073635538393,0.7400192329544564,0.041003576618711235,0.17419367186487564
CoRoT-10 b,10.87,874.0,600.0,0.1055,5075.0,0.79,3.7517265344418633,0.5378480827887842,0.05595909244954817,0.17348628357478238
Kepler-967 b,2.35,6.12,638.0,0.1027,5178.0,0.8,2.599897400781349,0.6805894005376836,0.04390262034270873,0.17285733441505352
XO-2 S d,13.0,1179.14338997,110.98,5.46,5325.0,1.02,2.9589998173881065,0.47410055336642276,0.06139328717756983,0.17060653980392887
Kepler-765 b,2.43,6.48,641.0,0.1754,5901.0,1.06,2.4898005559627174,0.6654056147778548,0.04308865011756604,0.1693263999541327
Kepler-1234 b,2.81,8.3,625.0,0.096,4967.0,0.76,2.0623743903434044,0.6012823184011639,0.04764620028773633,0.16925961648313012
Kepler-1916 b,2.61757235,7.35,635.0,0.2053,6246.0,1.092,2.259433846271429,0.6320146927395025,0.04473478408610304,0.16814589147209752
BD+48 740 b,13.5,540.311,538.94,1.7,4534.0,10.33,1.2107399653734947,0.329320519114504,0.0846108994256954,0.16692544839423107
Kepler-57 c,2.196,6.86,671.0,0.09588,5187.9,0.826,3.571375235890761,0.7694626308062841,0.03585521053509821,0.1661001042337116
HD 191939 c,3.195,8.0,600.0,0.1752,5348.0,0.94,1.352339626552837,0.49202168520888295,0.05595909244954817,0.1659309704961264
Kepler-204 c,1.79,3.86,683.0,0.173,5812.0,1.238,3.710535459360623,0.8097508936864772,0.03336950346719194,0.16438061094433454
Kepler-582 b,3.68,13.1,603.0,0.1254,5564.0,0.91,1.4492263243493602,0.4912044458898942,0.05487600871891367,0.16418081329870124
TOI-283 b,2.34,6.54,661.0,0.123,5213.0,0.85,2.814093678558169,0.7007977597833311,0.03809472471448778,0.1633912413181188
K2-319 b,2.79,8.2,641.0,0.1516,5440.0,0.898,2.0816591369085082,0.6043679594147041,0.04308865011756604,0.16137347844515076
HD 233832 b,13.5,565.7374,117.8,2.827,4981.0,0.68,1.2677159637440119,0.3360020010738072,0.07725072322055344,0.16110989288837846
TOI-5624 e,3.247,8.9,613.8,0.1439,5327.0,0.82,1.4333475725665457,0.5026316685977846,0.05117631728810226,0.16038340859081557
Kepler-377 c,2.06,4.9,677.0,0.182,5949.0,1.224,3.090315309666385,0.7423356101662738,0.03458603619915568,0.1602324757504953
HD 15906 b,2.24,5.65,668.0,0.09,4757.0,0.762,2.7714864990437564,0.7030766253571266,0.03651035795664516,0.1602172876525464
Kepler-209 b,2.26,5.73,668.0,0.122,5513.0,0.935,2.7367660834518603,0.6986955415361895,0.03651035795664516,0.15971732631182603
Kepler-267 b,1.98,37.9,615.0,0.037,4258.0,0.555,26.918571774335366,0.5010287899855033,0.0507836781902921,0.15951202097238704
Kepler-191 b,1.34,2.36,722.0,0.087,5282.0,0.789,5.407617718548431,0.9514322319422849,0.02658458695566918,0.15903909237195765
K2-10 b,3.773,25.2,649.0,0.137,5533.0,0.956,2.586714512679105,0.6141355853957395,0.041003576618711235,0.15868760358027745
HD 108236 e,3.083,9.71,636.0,0.1367,5660.0,0.877,1.8268674178682185,0.56192780904903,0.04445534593372682,0.15805282389459485
Kepler-1952 b,1.23923346,2.07,725.0,0.1724,5973.0,1.305,5.996796710568797,0.9461756218177714,0.026133650591673864,0.15724828488395473
Kepler-1773 b,3.50469499,12.1,623.0,0.24831,6183.0,1.3,1.549683687696449,0.5107753066917112,0.04825498487918227,0.15699507858868766
K2-348 c,2.67,7.61,655.0,,5077.0,0.85,2.204241867670409,0.6235288834393693,0.0395176047788316,0.15697250709580693
Kepler-692 b,3.11,9.85,639.0,0.1495,5440.0,0.86,1.8053584287668063,0.5582067260252501,0.04362929825578989,0.15605821906629472
Kepler-1332 b,1.37,2.45,728.0,0.09915,5581.0,0.9,5.253064791004299,0.9405381310878402,0.025691706564965916,0.15544783587129876
Kepler-347 c,1.75,3.71,705.0,0.183,6088.0,1.005,3.816525232917184,0.8204027403596824,0.029320279250137818,0.15509493042947664
Kepler-520 b,1.66,3.39,711.0,0.14628,6112.0,1.09,4.08586307572073,0.846009432014841,0.02831843294933978,0.15478262620533775
K2-148 b,1.33,2.33,733.87,0.0454,4079.0,0.632,5.460210334578853,0.9550809278371358,0.02485219986540977,0.1540644738615931
Kepler-1159 b,2.37,6.21,677.0,0.1603,6217.0,1.28,2.5719050823068588,0.6767630077859954,0.03458603619915568,0.1529919928804639
Kepler-1617 b,1.2,1.87,736.0,0.17707,6167.0,1.22,5.966315880301855,0.9523046474315152,0.024555602278628907,0.15291963304434855
GJ 3998 b,1.39,2.5,733.5,0.03,3726.0,0.5,5.132204846060719,0.932291901532625,0.02490415115737356,0.15237433654839558
K2-203 b,1.26549392,2.14,738.4,0.0824,5026.0,0.765,5.82159459894762,0.950809636510021,0.024226395007648876,0.15177183477566192
HD 101581 c,0.99,0.937,747.0,0.0573,4675.0,0.63,5.324053140380419,0.9893592303046987,0.023088711464936507,0.15113910745957465
Kepler-1133 b,1.97,4.54,703.0,0.0983,5569.0,0.9,3.2739010474955883,0.7634775997196418,0.029663476079942817,0.1504905296583667
Kepler-295 b,1.22,1.98,741.0,0.099,5603.0,0.898,6.011655327101391,0.9478500641451285,0.023875609889932627,0.1504343656405567
Kepler-55 e,1.55,3.02,728.0,0.048,4503.0,0.619,4.471160119643934,0.8798195686238727,0.025691706564965916,0.15034648711293333
Kepler-751 b,2.46,6.62,679.0,0.1263,5387.0,0.84,2.4516645231402756,0.6599826117202113,0.03417480248833502,0.1501824736820969
Kepler-1480 b,1.67,3.43,721.0,0.1525,5156.0,0.81,4.060252861560166,0.8434721734066537,0.026736933756468885,0.15017276592577808
Kepler-141 c,1.41,2.57,738.0,0.067,4910.0,0.787,5.054569353673497,0.9261472737375892,0.02428089975886561,0.14995895810377277
Kepler-133 c,2.84,8.45,663.0,0.204,5736.0,1.425,2.033808524547559,0.5966849446894847,0.03763391689315011,0.14985189895305945
Kepler-931 b,1.33,2.33,744.0,0.0719,5241.0,0.81,5.460210334578853,0.9550809278371358,0.02347827354788941,0.14974528801979814
Kepler-346 c,3.07,9.64,654.0,0.168,6033.0,1.021,1.8368355748199083,0.5636689593328755,0.03976080002664044,0.14970614140127647
TOI-791 c,12.94637271,18.6,362.8,0.863,6294.0,1.474,0.04725818104524823,0.06501565230030612,0.34301276197131797,0.14933585794073329
HD 150706 b,13.3,772.32302901,108.81,6.7,5961.0,0.96,1.8098910663663712,0.3916588177150013,0.056843248488105964,0.14920844311878473
Kepler-1195 b,2.08,4.98,702.0,0.0726,4965.0,0.71,3.05103867202765,0.7377097321494018,0.02983684992309408,0.14836082557382738
HD 177830 c,7.87,47.6725,538.95,0.5137,4949.0,2.62,0.5392027578951324,0.25999514315019967,0.08460495301595511,0.14831344130118201
Kepler-617 b,1.32,2.3,750.0,0.0219,3712.0,0.48,5.513335445864859,0.9584272621930892,0.022706748933349438,0.14752209059492055
Kepler-1978 b,2.67,7.61,676.0,0.0914,5251.0,0.778,2.204241867670409,0.6235288834393693,0.034793840057995164,0.14729210515818464
Kepler-636 b,4.45,18.1,614.0,0.1185,5203.0,0.8,1.1324183976142224,0.42259150419219554,0.05111062951192528,0.1469657028209457
Kepler-1345 b,2.36,6.17,693.0,0.26412,6449.0,1.55,2.5879598219248554,0.6788740769156031,0.031452202292943474,0.1461235258217677
Kepler-1968 b,1.50004034,2.86,744.0,0.0696,5008.0,0.788,4.671599379259785,0.8962150363232116,0.02347827354788941,0.14505716728424006
Kepler-1350 c,1.73,3.64,730.0,0.0222,3827.0,0.53,3.875890051245424,0.8261189696503177,0.02540197103330981,0.14486217635092025
EPIC 212587672 b,1.26,2.13,756.0,,6004.0,0.98,5.870516899420293,0.9492773816090386,0.021964945722985435,0.14439815152244942
TOI-1782.01,2.368,6.2,697.84,0.05024,4336.0,0.669,2.5742751824300543,0.6771049356854524,0.03057103144641127,0.14387423772642635
Kepler-1321 c,2.4,6.35,697.0,0.0267,4094.0,0.53,2.53249370587679,0.6712548631855627,0.030721853272934828,0.14360429455810436
Kepler-31 d,3.9,2161.244,484.0,0.4,6340.0,1.22,200.87151451007688,0.16154962104688417,0.12624250872959486,0.14280906639731952
Kepler-900 b,2.08,4.98,716.0,0.0679,4836.0,0.73,3.05103867202765,0.7377097321494018,0.027514288056201236,0.1424694987434914
Kepler-299 d,1.86,4.12,729.0,0.118,5617.0,1.032,3.529935402282049,0.7912013916492611,0.025546354435798935,0.14217000802268176
Kepler-1950 b,1.52696349,2.95,752.0,0.0871,5455.0,0.852,4.568192864944813,0.8876820450856814,0.022456244952764833,0.1411878374528603
TOI-5595 b,4.73740402,20.1,621.0,,4417.3,0.743344,1.0422770118461027,0.4012932312618556,0.04887296306734488,0.14004424040508112
Kepler-27 c,4.9,4385.87,481.0,0.191,5400.0,0.59,205.5303156322259,0.15140226582021696,0.12914077210262878,0.13982920119241996
Kepler-205 b,1.51,2.89,757.0,0.032,4321.0,0.546,4.627808456908761,0.8927571314706728,0.021844108391336953,0.1396477122869703
Kepler-258 b,4.06,15.5,642.0,0.103,4942.0,0.915,1.2769149507868958,0.4550023256067822,0.04282129040190002,0.1395843355049122
TOI-1693 b,1.41,2.57,764.0,0.0226,3499.0,0.46,5.054569353673497,0.9261472737375892,0.021019851129720192,0.139525903753247
GJ 86 b,12.9,1404.8086,661.12,0.11,5182.0,0.77,3.607915860189859,0.5077774583231713,0.03806688930275262,0.1390306020141654
Kepler-837 b,2.56,7.08,701.0,0.1144,5403.0,0.81,2.326600066972422,0.6419765510211393,0.030011419933079996,0.13880427896821396
HD 34445 e,4.26,16.8,637.76,0.2687,5836.0,1.38,1.1980883878991535,0.4376479046603923,0.04396851777955431,0.13871816635626766
Kepler-579 b,2.0,4.66,730.0,0.0854,5636.0,0.96,3.211473215228147,0.7563734415711524,0.02540197103330981,0.13861232359770637
Kepler-1680 b,1.35954736,2.42,771.0,0.07642,5021.0,0.723259,5.309342202943846,0.9444690759518369,0.020232022974371565,0.13823357060873834
TOI-5720 b,1.09,4.3,708.0,0.018288,3325.0,0.383,18.306163472735438,0.6538717823104292,0.028814222171717238,0.1372618184613239
Kepler-48 c,2.71,14.61,736.0,0.08633,5194.0,0.89,4.047163203215246,0.7672248306403923,0.024555602278628907,0.13725766936493528
K2-338 b,1.03,1.08,783.0,,4558.0,0.63,5.449045770513788,0.9927988220922057,0.018960961221920734,0.13720211356556755
HD 25912 b,6.9,38.13940884,579.16,0.242,5920.58,0.995896,0.6400811821647263,0.29194791517884383,0.06421997776340616,0.13692658113331443
Kepler-1790 b,3.1446145,10.0,682.0,0.20989,5866.0,1.367,1.7729893894931565,0.5528199682810963,0.03356871102430779,0.13622574559786824
TOI-2141 b,3.147,20.1,728.0,0.1322,5635.0,0.95,3.5556106895281197,0.713381865759617,0.025691706564965916,0.13538093500882606
Kepler-1580 b,2.11,5.1,733.0,0.33571,6228.0,2.15,2.9931686284266275,0.7308232340094628,0.024974559208200044,0.13509991905437088
TOI-1244 b,2.467,6.6,714.86,0.060694,4599.0,0.721,2.4235102539526427,0.6567827991188345,0.027695237541008444,0.13486940214312718
Kepler-1473 b,1.19,1.81,783.0,0.11606,6046.0,1.09,5.921695410846253,0.9555313366338432,0.018960961221920734,0.1346023499803937
TOI-4898 b,3.7197954,13.4,667.0,,4201.57,0.639344,1.4353440514668752,0.48802469166313145,0.03673187038378446,0.13388823592181848
Kepler-100 e,5.27,24.14271827,621.73,0.312391586,5884.0,1.5,0.9094162189365073,0.36774881163728573,0.048646325548704156,0.1337521155386205
HD 102888 b,12.8,1808.44363583,688.63,1.05,4990.0,8.6,4.754265631907263,0.5535518182330816,0.0322736344626846,0.1336604991678877
Kepler-606 b,3.31,11.0,683.0,0.17,6161.0,1.22,1.672311122807582,0.5338163321225,0.03336950346719194,0.13346604791333805
Kepler-235 b,2.23,5.6,731.0,0.037,4255.0,0.554,2.7840806531128695,0.7048320291944713,0.02525854892757057,0.13342801165844975
Kepler-1156 b,1.32,2.3,787.0,0.09704,5778.0,1.0,5.513335445864859,0.9584272621930892,0.01855836494761186,0.13336732323744008
Kepler-1038 c,1.4162338,2.59,784.0,0.0692,5159.0,0.821,5.02693504176282,0.9240491959189177,0.018859354639789973,0.1320112551657912
HD 11112 b,12.6,2598.56505563,94.51,13.38,5905.64,1.47368,7.1619343067225145,0.5373795738539882,0.03238983177564391,0.13193041346406026
Kepler-325 c,2.54,6.99,721.0,0.105,5752.0,1.003,2.3517134358380343,0.6456060832705683,0.026736933756468885,0.1313831308851274
Kepler-342 c,1.96,4.5,754.0,0.185,6175.0,1.472,3.2949791758284865,0.7658575202951114,0.022208993399229448,0.1304182679419734
Kepler-131 c,0.84,8.25,615.0,0.17391,5685.0,1.03,76.74047179259804,0.3324360979242877,0.0507836781902921,0.12993201228266826
Kepler-106 d,0.95,8.1,649.0,0.16063,5858.0,1.04,52.086188403640946,0.4097711817644951,0.041003576618711235,0.12962285310708263
TOI-969 c,12.4,3591.4609991,96.4,2.52,4435.0,0.671,10.385190649855446,0.4780338634597981,0.035101317691129015,0.12953616679684543
Kepler-110 c,2.21,5.52,743.0,0.198,5960.0,1.149,2.819490471205049,0.7092528454039879,0.023609846431031298,0.12940382823069857
HD 219134 c,1.511,4.36,782.0,0.0653,4699.0,0.778,6.967892964633955,0.8769378529824826,0.01906321394597486,0.12929521997633522
Kepler-85 c,1.978,2.15,706.0,0.10363,5505.2,0.875,1.5316797568870997,0.5719184665375879,0.029150437650888903,0.1291188351875742
TOI-2525 b,8.67575106,26.69758619,512.97,0.1511,5096.0,0.785,0.2254027061598709,0.16365372602254025,0.10186397965397365,0.1291139799473977
Kepler-122 d,2.2,5.48,747.0,0.155,6050.0,1.216,2.8374021306788344,0.7114748689997092,0.023088711464936507,0.12816800679142898
K2-168 b,1.86,4.12,766.35,,5502.7,0.83,3.529935402282049,0.7912013916492611,0.0207513976359732,0.12813483011363141
K2-414 c,1.9287,4.38,762.62,0.0552,4343.0,0.732,3.365801065429095,0.7736482124591773,0.02117940453171138,0.12800550166656238
GJ 317 b,13.3,794.5,100.32,1.138,3496.0,0.403,1.8618614209540336,0.3961337796409213,0.041212797073733626,0.12777237993554164
Kepler-863 b,2.9,8.75,718.0,0.122,5678.0,0.95,1.9779824495737661,0.5876043578710624,0.02720018976393144,0.1264236925588158
Kepler-597 b,2.37,6.21,743.0,0.10916,5683.0,0.95,2.5719050823068588,0.6767630077859954,0.023609846431031298,0.1264051845615131
Kepler-1152 b,0.87,0.59,806.0,0.0223,3964.0,0.53,4.939723366131309,0.9506979712456544,0.01677836896235238,0.12629790708210276
Kepler-1693 b,1.28938413,2.21,807.0,0.1011,5432.34,0.878295,5.683994992082786,0.9541877759422164,0.01669040131190904,0.1261973728228664
Kepler-496 b,2.32,5.99,747.0,0.0747,5293.0,0.82,2.6446684984256374,0.6865726211800686,0.023088711464936507,0.12590503226698987
Kepler-1959 b,1.14315727,1.57,811.0,0.0617,5071.0,0.811,5.794154602050707,0.9672259115303096,0.016343925742927687,0.1257309368241839
Kepler-282 b,1.01,1.01,817.0,0.082,5602.0,0.904,5.404625760797071,0.9934101571372461,0.015839981875958403,0.12544161544099697
K2-128 b,1.42,2.6,803.1,0.056,4469.51,0.777569,5.006297906578608,0.9225756862737797,0.01703658389933581,0.12536960589668678
Kepler-287 b,2.33,83.0,667.0,0.145,5806.0,1.032,36.175846631558215,0.42439492333740786,0.03673187038378446,0.12485519338644192
Kepler-1125 b,1.84,4.04,778.0,0.1348,5683.0,0.94,3.5754957864863606,0.796099326569779,0.019478781614531253,0.1245272858683113
TOI-1279 b,2.66146528,10.6,759.0,0.085,5457.0,0.8426,3.0999295556894935,0.7060758953629431,0.021604777286944293,0.12350956427336375
Kepler-242 b,2.61,7.32,742.0,0.075,5020.0,0.85,2.2698540514803014,0.6334964896685861,0.023742289665379182,0.12264035697808638
Kepler-233 b,2.43,6.48,751.0,0.077,5360.0,0.758,2.4898005559627174,0.6654056147778548,0.022581087322907915,0.12257888191875452
TOI-1437 b,2.24,9.6,794.23,0.14,6008.0,1.17,4.709074405454877,0.8343045342167936,0.017855954835803642,0.12205451274853078
HD 164922 d,1.83,4.0,787.68,0.103,5390.0,0.946,3.598446884909174,0.798554060642323,0.018490930283505597,0.12151546182666424
Kepler-1987 d,2.66,7.56,744.0,0.0571,4769.0,0.714,2.2145488266854145,0.625126602165763,0.02347827354788941,0.12114822890868203
Kepler-556 b,2.24,5.65,766.0,0.09833,5740.0,0.98,2.7714864990437564,0.7030766253571266,0.020791122716548566,0.12090389736041125
Kepler-1188 b,2.08,4.98,775.0,0.135,5913.0,1.06,3.05103867202765,0.7377097321494018,0.019797477988361355,0.12085028830759045
Kepler-113 b,1.82,11.7,775.0,0.05123,4725.0,0.69,10.699908708252499,0.7375765516163905,0.019797477988361355,0.12083937911689617
Kepler-559 b,3.61,12.7,706.0,0.1277,5630.0,0.95,1.4883000273728852,0.4988939375495649,0.029150437650888903,0.12059426446122988
TOI-1249 b,3.2710301,11.9,726.89,0.109,5497.0,0.9785,1.8745702240220965,0.5605201353377102,0.025854190956747014,0.12038186995608118
Kepler-1600 c,1.94206512,4.43,786.0,0.06961,5119.0,0.834,3.334423329650977,0.7702409353755576,0.01865806114386544,0.1198799502324941
Kepler-24 e,2.78,26.2118,792.0,0.138,5897.0,1.289,6.726216349198715,0.7886500135996459,0.01806920723641703,0.11937453887967531
Kepler-237 b,1.41,2.57,823.0,0.05,4861.0,0.725,5.054569353673497,0.9261472737375892,0.015354260235435449,0.11924892560231315
K2-104 b,1.79,3.86,798.0,0.0242,3712.0,0.48,3.710535459360623,0.8097508936864772,0.017502144753854913,0.1190477944183096
Kepler-1129 b,2.96,9.06,737.0,0.16481,5831.0,1.0,1.9260228668132158,0.5789326657530377,0.024417795490202395,0.11889600260292763
Kepler-1782 b,2.22927435,5.6,773.0,0.05825,4931.0,0.734,2.7868002723653467,0.705121771715772,0.02001335978355618,0.11879333191962549
K2-224 c,2.41,6.39,764.0,0.0886,5620.0,0.84,2.516854472987345,0.669170675993033,0.021019851129720192,0.11859961209779642
Kepler-177 c,8.73,14.7,497.0,0.25655,5732.0,1.324,0.12181000980025732,0.11870695168737955,0.11453706024089497,0.11660336734601794
Kepler-1307 b,2.47,6.66,768.0,0.1369,5884.0,1.08,2.436642101520653,0.6579395967547059,0.020565323547539854,0.11632171199736716
Kepler-244 c,2.05,4.86,791.0,0.087,5554.0,0.803,3.110162356267959,0.7446587830332022,0.01816581064593946,0.11630705244488344
Kepler-1556 b,1.96,4.5,797.0,0.0829,5608.0,0.95,3.2949791758284865,0.7658575202951114,0.0175951816361668,0.11608359994855771
Kepler-1705 b,2.03,4.47,789.0,0.08,6312.0,1.259,2.9459663638799607,0.732213909478772,0.01836085073744576,0.1159485674763658
HD 92788 c,13.0,1166.4361,91.27,10.5,5744.0,1.14,2.9271115254122813,0.4723124983235254,0.028082963802716618,0.11516915730346479
Kepler-182 c,3.43,11.6,729.0,0.157,6250.0,1.146,1.5848348170619162,0.5180323149919646,0.025546354435798935,0.11503841587914085
HD 213472 b,13.1,1112.3994245,91.76,13.0,5729.54,1.433902,2.7280683246034547,0.459762050394341,0.028707249710095816,0.11488474218927422
Kepler-279 c,4.3,49.4,774.0,0.2236,6689.45,1.07,3.4255472057341017,0.6571381538250144,0.019905073769746123,0.11436950392828364
Kepler-674 b,1.69,3.5,822.0,0.028,4192.0,0.57,3.9977561956691936,0.8376549711010276,0.015433980891525078,0.11370290593324452
TOI-2407 b,4.26,16.8,705.0,0.033,3530.0,0.567,1.1980883878991535,0.4376479046603923,0.029320279250137818,0.1132782361174484
Kepler-698 b,3.68,13.1,727.0,0.1255,5612.0,0.91,1.4492263243493602,0.4912044458898942,0.025838034915807495,0.11265770112914146
Kepler-1955 b,1.16654878,1.69,853.0,0.11959,5825.0,1.291,5.8693008015356325,0.960826236117384,0.01317375916432635,0.11250641507654832
2MASS J19383260+4603591 b,13.4,603.877,669.65,0.92,29564.0,0.203,1.3837016800948607,0.3496205300260627,0.03614829648814571,0.1124196894575179
KOI-134 b,12.03844527,346.43296363,659.0,0.363,6160.0,1.667,1.094753583756579,0.3246506006538993,0.03856220068331268,0.11188941690067773
K2-89 b,0.615,0.17,830.07,0.01462,3691.0,0.318,4.029321754043233,0.8454775216381191,0.014804280411749745,0.11187799744436762
Kepler-179 c,2.0,4.66,810.0,0.064,5302.0,0.759,3.211473215228147,0.7563734415711524,0.01642974304339123,0.11147655040347959
TOI-6695 b,9.52763359,66.74396547,599.0,0.402,6400.0,1.517,0.42546637177499275,0.22035600429390573,0.05632570861982676,0.11140784573129411
Kepler-1892 b,1.83707938,4.03,822.0,0.0633,5383.0,0.759,3.5836835490210475,0.7969237576796596,0.015433980891525078,0.1109040398183503
Kepler-375 b,1.45,2.7,851.0,0.101,5826.0,0.837,4.8827909612335265,0.9128890341394289,0.013307239526957048,0.11021811574703066
Kepler-838 b,2.73,7.9,777.0,0.1266,5770.0,0.96,2.140659165437033,0.6137218956519349,0.019584336911328725,0.10963273404557065
Kepler-1641 c,2.95,9.01,767.0,0.2065,6152.0,1.19,1.9349382842330605,0.5804110105558875,0.020677859689182964,0.10955207637617616
Kepler-1679 b,2.0692036,4.93,813.0,0.0892,5501.0,0.873196,3.0679312120964832,0.7398522665072864,0.01617387165811506,0.10939047309731496
Kepler-989 b,2.21,5.52,805.0,0.0734,5074.0,0.78,2.819490471205049,0.7092528454039879,0.016866883856981502,0.10937497597102694
TYC 2187-512-1 b,12.5,104.88337431,114.69,1.22,3734.0,0.495,0.2960635801330269,0.17108568933766855,0.06972131605453602,0.10921684585593813
Kepler-1327 b,1.8,3.89,831.0,0.11151,5885.0,1.03,3.6773965180232455,0.8066046800886091,0.014733677439055324,0.10901492181008056
Kepler-139 b,2.94,7.0,752.0,0.127,5594.0,1.3,1.5186735295999614,0.5261800597365401,0.022456244952764833,0.10870155615585353
Kepler-292 d,2.23,5.6,808.0,0.068,5299.0,0.826,2.7840806531128695,0.7048320291944713,0.01660297701178323,0.10817721561347533
Kepler-117 c,12.341,584.78,704.0,0.2804,6150.0,1.606,1.7153384732938102,0.39088943284742605,0.029491288971600173,0.10736774757835028
TOI-1648 b,2.54,7.4,799.0,0.0694,4850.0,0.81,2.489653708898634,0.6594318459027786,0.017409687429328604,0.10714710597170864
NGC 2682 Sand 1429 b,13.4,572.0911326,683.0,0.384,6000.0,2.13,1.310868705623814,0.341586911655034,0.03336950346719194,0.10676415893369855
K2-86 b,1.96,4.5,830.49,0.077,5482.0,0.76,3.2949791758284865,0.7658575202951114,0.01477234590850026,0.10636499521189123
Kepler-668 b,2.7,7.75,790.0,0.0768,5352.0,0.82,2.1707948597299933,0.6184517973089565,0.018263023667672944,0.1062769956837713
Kepler-112 b,2.36,6.17,809.0,0.076,5544.0,0.841,2.5879598219248554,0.6788740769156031,0.01651609219943894,0.10588836973977409
Kepler-1664 b,3.03320653,9.45,776.0,0.1137,5735.81,1.072,1.8669566596818032,0.5688224284587777,0.01969056737601627,0.10583211399455629
HD 74156 b,13.5,532.36258173,679.63,0.28,6068.0,1.510576,1.1929289867685913,0.3271839200587979,0.034046459931451355,0.10554361290242553
Kepler-948 b,1.85,4.08,841.0,0.0749,5679.0,0.94,3.552657596342724,0.7936483613861003,0.01399905405449262,0.10540553264086053
TOI-220 b,3.03,13.8,805.0,0.08911,5298.0,0.858,2.7350141363769573,0.6575724805706228,0.016866883856981502,0.10531475992154148
Kepler-1717 b,2.98929758,9.21,780.0,0.2014,6200.0,1.64,1.900905613007327,0.5747141273642112,0.019269676811306147,0.10523571396251459
Kepler-873 b,3.75,13.5,749.0,0.1542,6163.0,1.27,1.4113942370788077,0.4836656117129704,0.022833235983309916,0.10508877699000116
Kepler-29 b,2.55,5.0,777.0,0.08482,5378.0,0.732,1.6624853905629342,0.5627968839708627,0.019584336911328725,0.10498573135589119
TOI-5159 b,1.54732112,3.01,866.29,,5156.16,0.854084,4.479540936768362,0.880569850349311,0.012325808817022629,0.10418126331274657
K2-290 c,11.276254,246.00042,676.0,0.305,6302.0,1.511,0.9459096877836672,0.30918126250226535,0.034793840057995164,0.10371886711892316
HD 51608 b,3.62,12.77,759.92,0.1059,5358.0,0.916136,1.4841355231995528,0.4979976288917874,0.021495724058279462,0.10346409818065068
Kepler-219 c,3.58,12.5,766.0,0.165,5786.0,1.491,1.5019978381479206,0.5017537949856252,0.020791122716548566,0.10213728371677057
Kepler-1984 b,6.81,37.3,675.0,0.0238,3638.0,0.42,0.6511422420424636,0.2953159348769047,0.035003117809334634,0.10167093222485024
Kepler-134 c,1.26,2.13,892.0,0.092,5983.0,1.176,5.870516899420293,0.9492773816090386,0.010861197493993153,0.10153959384514237
Kepler-136 c,1.99,4.62,847.0,0.133,6165.0,1.355,3.2321471213395854,0.758735436389277,0.01357901553677797,0.10150310477534176
KOI-142 b,3.438,9.5,758.0,0.09586,5466.0,0.897,1.2888855737462557,0.47424931687970606,0.021724054192983885,0.10150181210638716
Kepler-123 b,2.94,55.3,817.0,0.135,6089.0,1.264,11.997520883839693,0.6434563472046089,0.015839981875958403,0.10095710414671868
Kepler-392 c,1.1,1.37,901.0,0.093,5938.0,1.129,5.674804261357669,0.9783900224804826,0.010397690079883917,0.10086127220594987
Kepler-792 b,1.96,4.5,852.0,0.0988,5971.0,1.12,3.2949791758284865,0.7658575202951114,0.013240300994532246,0.1006984810592164
HD 109271 c,5.27,24.154,716.68,0.196,5783.0,1.294595,0.9098411830240191,0.36782771243946194,0.027407017098662886,0.10040448398448343
Kepler-1303 b,1.42,2.6,891.0,0.0751,5771.0,1.0,5.006297906578608,0.9225756862737797,0.010914187645293312,0.10034522488378451
Kepler-764 b,1.64,3.33,875.0,0.0724,5557.0,0.89,4.162181972725495,0.8526458076316793,0.011804942281146417,0.10032663926073397
Kepler-19 b,2.209,6.1,851.0,0.0846,5541.0,0.859,3.119974625139382,0.7347421464431635,0.013307239526957048,0.09888068432848617
Kepler-882 b,1.23,2.04,903.0,0.04741,5476.0,0.87,6.043982631064848,0.9452187996783225,0.010297879869226112,0.0986597671253154
Kepler-204 b,2.53,6.94,828.0,0.117,5812.0,1.238,2.362687488043357,0.6472549112606698,0.014962866276623247,0.09841132396264694
TOI-4578 b,2.26974262,5.77,842.42,,5951.32,0.878735,2.720535201092586,0.6966173479153935,0.013898277020520005,0.09839604097029567
TOI-697 b,2.35859364,6.16,839.8,,5681.95,0.968149,2.588390023895058,0.6789961631880627,0.014084890060991312,0.09779359033361429
Kepler-104 b,3.1,19.6,852.0,0.094,5711.0,1.349,3.62726565997604,0.7203432026893415,0.013240300994532246,0.09766043632388825
TOI-206 b,1.3,2.24,910.0,0.0112,3383.0,0.35,5.621165031606538,0.9558044231523559,0.00995733042659402,0.09755644758050643
Kepler-1130 b,0.8,0.437,904.0,0.05963,5403.0,0.81,4.705652478053582,0.9254795563515805,0.010248398635076018,0.09738933936578632
K2-37 c,2.41,6.39,839.0,0.06534,5352.0,0.809,2.516854472987345,0.669170675993033,0.014142458919156555,0.09728164675382346
Kepler-273 c,1.98,4.58,865.0,0.073,5626.0,0.815,3.2529566946294453,0.7611035294253194,0.012405235580797168,0.09716824884650992
Kepler-1851 b,3.90012032,14.5,776.0,0.1016,5982.0,0.879,1.3475421568668966,0.46999225068366857,0.01969056737601627,0.09619986527169518
Kepler-391 c,2.88,450.0,662.0,0.164,5038.0,2.879,103.85882980137754,0.24251332302629827,0.03786349416667807,0.09582484955244104
TOI-5624 d,3.584,4.9,712.6,0.1067,5327.0,0.82,0.5868139797650377,0.3269697303946012,0.028058127575748455,0.09578182713239394
Kepler-216 c,3.04,9.48,814.0,0.136,6091.0,1.26,1.8603555790145918,0.567745147189359,0.01608962742373639,0.09557618892753132
TOI-1260 b,2.41,8.56,871.0,0.0367,4227.0,0.672,3.371560921560513,0.7412375544579305,0.012040856027064457,0.09447293091188233
EPIC 249893012 d,3.94,10.18,752.0,0.22,5430.0,1.71,0.9176297539511313,0.39523219607665755,0.022456244952764833,0.09420950593393748
Kepler-432 b,12.834305,1719.4603,812.0,0.301,4995.0,4.06,4.484184363935339,0.5438229959039409,0.016258636527832854,0.09403095461537817
Kepler-1254 c,1.3,2.24,927.0,0.0422,4985.0,0.75,5.621165031606538,0.9558044231523559,0.009184088573337731,0.09369200862944083
Kepler-414 c,3.01,29.9,890.0,0.07195,5536.0,0.946,6.0447741086300715,0.7996264932498203,0.010967482926001013,0.09364769037138859
Kepler-1713 b,1.71673535,3.59,900.0,0.14185,6477.0,1.459,3.911945297066394,0.8296712298189602,0.010448022775230176,0.09310437103112681
HD 43691 b,13.2,810.4665,761.79,0.238,6093.0,1.6,1.942771166146102,0.40369928923818477,0.02127605559480008,0.09267755133479141
Kepler-980 b,2.67,7.61,845.0,0.09993,5935.0,1.06,2.204241867670409,0.6235288834393693,0.013717355672236642,0.09248333615333311
GJ 3222 b,3.4,11.44182265,811.06,0.091,5257.46,0.931389,1.6049696903750037,0.5217623727162031,0.016338793535425403,0.09233075155311864
Kepler-919 b,2.25,5.69,869.0,0.0981,6113.0,1.21,2.7540580277703763,0.7008821399765055,0.01216089576317093,0.09232201604450838
Kepler-1804 b,1.59615726,3.18,913.0,0.1017,5109.0,1.671,4.311302159774583,0.8658952070660455,0.009815456889620645,0.09219087306174029
Kepler-156 b,2.3,5.9,867.0,0.054,5094.0,0.807,2.6734796217371297,0.6904502966326962,0.012282349209764344,0.092088824811853
Kepler-534 c,1.227,2.02,933.0,0.0761,5936.0,0.965,6.028733075999748,0.9462498900291212,0.00892823974933536,0.09191488389244809
TOI-1052 c,6.48,34.3,719.0,0.2263,6146.0,1.264,0.694988273677744,0.30840696313897076,0.027044727086006578,0.09132788265101494
Kepler-109 c,2.65,8.2,859.0,0.1546,5950.0,1.387,2.429319325694665,0.6478005976704133,0.012782688852605204,0.09099798612360924
Kepler-245 b,2.57,146.78,753.0,0.071,5100.0,0.795,47.673373826995864,0.3652247176803457,0.022332215676346842,0.09031210973933876
Kepler-1063 b,1.49,2.83,931.0,0.1176,5945.0,1.14,4.716675568519085,0.8997360027686196,0.009012577615513573,0.09004965607054877
Kepler-1633 b,1.58,3.12,925.0,0.3875,6256.0,1.32,4.361056443911631,0.8704222798869212,0.009271286074474581,0.08983281116845909
Kepler-1256 b,1.49,2.83,933.0,0.10733,6129.0,1.36,4.716675568519085,0.8997360027686196,0.00892823974933536,0.08962733257119114
TOI-6034 b,11.92,254.0,714.0,0.02949,3635.0,0.489,0.8268244771448816,0.2863845344932421,0.027832672325998564,0.08927959961706841
Kepler-356 c,1.81,3.93,913.0,0.115,6133.0,1.335,3.653971875441969,0.8041329766125441,0.009815456889620645,0.08884217785186692
HD 155918 c,12.8,1878.04805696,77.38,13.183,5771.84,1.01906,4.937250548136228,0.5595353709059606,0.014046658161075178,0.0886543968686632
HD 4308 b,4.12,15.8915,799.37,0.12,5686.0,1.02,1.2527996363153915,0.44972976816196114,0.017375624275173127,0.08839873006408494
HIP 70849 b,12.9,1430.2278315,78.85,3.99,4105.0,0.633112,3.673199094135528,0.5107194281089119,0.01522243559271712,0.08817252179867169
HD 174205 b,13.0,1334.8793094,821.72,1.7,4308.0,26.6,3.3498111140242712,0.4945519165875683,0.015456390075357786,0.08742989954982942
HD 1461 c,2.23,5.59,892.87,0.1117,5765.0,1.152288,2.7791090805180247,0.7043843003851682,0.01081534270477984,0.08728205774689424
Kepler-1300 b,1.37,2.45,954.0,0.16005,6130.0,1.79,5.253064791004299,0.9405381310878402,0.008096602603778888,0.08726490406296873
Kepler-190 c,1.46,2.73,948.0,0.045,5106.0,0.795,4.836291330567889,0.9093528615124412,0.008324523469705266,0.08700534028382373
K2-38 c,2.29,8.3,916.0,0.09514,5731.0,1.06,3.8104829249397665,0.7791454234344205,0.009675960975489646,0.08682730395090481
Kepler-816 b,10.24,74.5,668.0,0.0895,5286.0,0.85,0.382529363059334,0.20511169073029686,0.03651035795664516,0.08653728242587605
TOI-7510 c,10.81,131.0,702.0,0.1595,5720.0,1.035,0.5717452803844022,0.24654809943535894,0.02983684992309408,0.0857684011841009
Kepler-1365 b,0.92,0.721,969.0,0.07839,5770.0,1.05,5.104816756547853,0.9675857705279558,0.007558250322233812,0.08551757399436546
Kepler-1508 b,1.33,2.33,967.0,0.1629,6158.0,1.22,5.460210334578853,0.9550809278371358,0.007627535782059115,0.0853517073750723
Kepler-341 c,1.7,3.53,940.0,0.08,6012.0,1.024,3.9612870643638316,0.8343908591452976,0.008640297000910537,0.0849080964211322
HD 181433 d,13.2,858.1366989,81.19,6.74,4918.0,0.79,2.0570415128012316,0.41285921362700395,0.017235679992119286,0.0843558491621835
HIP 55507 b,12.6,2585.53409095,76.05,5.062,4171.0,0.723643,7.126019518755523,0.5381961774085925,0.013039915281146973,0.08377369848613103
HD 28109 b,2.69,6.2,867.0,0.1357,6189.0,1.425,1.7560756623172467,0.5692162003016524,0.012282349209764344,0.08361406668713144
Kepler-58 b,2.78,35.5,920.0,0.09291,5843.0,1.03,9.109663601757775,0.7170245750427795,0.009493585957221282,0.08250536004774896
Kepler-141 b,0.69,0.257,968.0,0.039,4910.0,0.787,4.313146659048602,0.8805006910848957,0.007592799859700865,0.08176469607193505
KOI-351 c,1.19,1.81,987.0,0.089,6080.0,1.2,5.921695410846253,0.9555313366338432,0.006966956161888387,0.08159132878951414
Kepler-128 b,1.421,3.79,968.0,0.12545,6072.0,1.659,7.2822460844274755,0.8743909338758212,0.007592799859700865,0.08148052135360968
Kepler-33 e,4.02,5.57,752.0,0.2138,5904.0,1.82,0.472699791153716,0.2866864876570182,0.022456244952764833,0.08023653775851618
Kepler-1857 b,1.96065412,4.5,946.0,0.08308,6074.0,1.005,3.2916824299504555,0.7655526336286119,0.008402172650583,0.08020165460173569
Kepler-1367 b,0.92,0.721,998.0,0.0236,4106.0,0.6,5.104816756547853,0.9675857705279558,0.0066324594963802315,0.08010913451224226
Kepler-472 b,3.22,10.5,876.0,0.04823,4996.0,0.78,1.7339240023372935,0.5450365168807805,0.011746818192159307,0.0800152789902422
Kepler-500 b,2.58,7.18,909.0,0.08361,5813.0,1.03,2.305014707712068,0.6387058897561514,0.010005158026111271,0.07993968575881631
Kepler-1906 b,2.77615754,8.13,901.0,0.0738,5868.0,0.894,2.0949159206978565,0.6064904031056287,0.010397690079883917,0.07941095168751092
Kepler-1623 b,1.31,2.27,1000.0,0.0518,5772.0,1.0,5.566988763620885,0.9571184101318537,0.0065736956407789725,0.07932089964437536
HD 73344 b,2.884,10.48,911.0,0.131,6252.6,1.22,2.40870652446181,0.6344163637901273,0.009909772199352398,0.07929011063620507
Kepler-783 b,0.78,0.399,991.0,0.04958,5521.0,0.89,4.635509357661643,0.917756537776608,0.0068430688009750995,0.07924816168561913
Kepler-1516 b,1.75,3.71,967.0,0.0718,5904.0,1.07,3.816525232917184,0.8204027403596824,0.007627535782059115,0.0791053175064283
Kepler-522 b,6.91,38.2,761.0,0.25029,6392.0,1.98,0.6383187407304094,0.2914571755959973,0.02136853223373298,0.07891775498248693
Kepler-1382 b,1.88,4.19,959.0,0.14023,6161.0,1.72,3.47655296073129,0.7857059520717162,0.007912273859106434,0.07884618358247515
Kepler-197 c,1.23,5.3,930.0,0.09,6004.0,1.12,15.702503894433184,0.6829157526610531,0.009055098684091527,0.07863758346532831
Kepler-682 b,7.37,42.6,753.0,0.1058,5559.0,0.89,0.5866992189131741,0.2753876354180825,0.022332215676346842,0.07842203815736869
Kepler-1665 b,2.83910787,8.44,906.0,0.096,5049.84,0.777785,2.0333172282280265,0.5966681250741042,0.010150274714773064,0.07782252490796435
Kepler-402 d,1.38,2.48,1006.0,0.087,6090.0,1.264,5.202628265778469,0.9369253312299716,0.006401052652580004,0.07744229062172042
TOI-286 b,1.42,4.53,979.0,0.0503,5152.0,0.78,8.722511352615804,0.8259765150347422,0.007222756794888932,0.07723876932205656
Kepler-292 c,1.47,2.76,1001.0,0.045,5299.0,0.826,4.79033021908102,0.9058287854240069,0.006544544043481167,0.076995041282283
K2-80 c,1.47,2.76,1002.42,0.0596,5441.0,0.87,4.79033021908102,0.9058287854240069,0.0065034102738241745,0.07675269525855206
K2-130 b,1.25,2.1,1013.11,0.032,4356.47,0.744261,5.927855795730993,0.947925735412763,0.006203344901414663,0.07668318119178748
Kepler-1590 b,1.14,1.55,1020.0,0.07116,6053.0,1.16,5.768003545499219,0.9688321343214743,0.006018589894712847,0.07636100636647153
TOI-1232 b,10.92875618,220.57291446,785.71,0.117,5823.0,1.072,0.9316404686454703,0.3095634815230525,0.0186870910824983,0.076058142069318
Kepler-150 c,3.69,13.2,876.0,0.073,5560.0,0.939,1.448448996551489,0.4907941666710778,0.011746818192159307,0.07592937406338526
K2-351 b,2.54,6.99,934.0,,5769.0,1.05,2.3517134358380343,0.6456060832705683,0.00888641996621472,0.07574382343587668
Kepler-911 b,2.6,7.27,931.0,0.15594,6112.0,1.99,2.2804614832466252,0.6351177444308537,0.009012577615513573,0.07565743827723076
Kepler-866 b,1.63,3.29,996.0,0.0331,4751.0,0.71,4.1883354649805495,0.8551974270987659,0.006691843790204273,0.07564950490207815
Kepler-715 b,3.75,13.5,876.0,0.0933,5871.0,1.04,1.4113942370788077,0.4836656117129704,0.011746818192159307,0.07537593784883728
HD 11755 b,12.8,1789.3829,903.49,1.09,4312.0,20.58,4.70415635590882,0.5518657654413063,0.010273598947616326,0.0752970620081772
Kepler-182 b,2.58,7.18,935.0,0.096,6250.0,1.146,2.305014707712068,0.6387058897561514,0.008844830977289598,0.07516146379024641
Kepler-322 c,1.67,3.43,996.0,0.051,5388.0,0.89,4.060252861560166,0.8434721734066537,0.006691843790204273,0.0751291156997167
HD 117618 b,8.59,55.30242,745.79,0.18,5990.0,1.2,0.4810309488797866,0.2404504102585415,0.023244910668480636,0.07476127544831827
TOI-1873 b,2.86356397,8.57,923.5,,5597.99,0.971675,2.0121878775378375,0.5931595323562138,0.009337325270608977,0.07442125698328589
Kepler-1699 b,1.56671124,3.08,1010.0,0.0418,5575.53,0.725,4.415625304362625,0.8749384818061035,0.0062889255037611785,0.07417831847954286
TOI-969 b,2.765,9.1,941.0,0.02636,4435.0,0.671,2.373364051108369,0.6365474941850977,0.008600062355920708,0.07398883795882265
Kepler-1788 b,2.37850461,6.25,956.0,0.0343,4786.0,0.704,2.5608043527891877,0.6752101849420078,0.00802226980137581,0.0735983578365825
Kepler-1248 b,1.18,1.76,1035.0,0.0806,6149.0,1.21,5.905749480178599,0.9574932727247484,0.0056383366017700165,0.07347563790503972
Kepler-37 b,0.3098,0.79,718.0,0.1019,5357.0,0.789,146.48434906537483,0.19844392223573357,0.02720018976393144,0.0734691250955856
Kepler-917 b,1.91,4.31,991.0,0.0378,5418.0,0.76,3.4102447021936824,0.7784375714106647,0.0068430688009750995,0.07298562775250443
Kepler-1312 b,2.1,5.06,978.0,0.06053,5719.0,0.92,3.0123193194321143,0.7331116620462071,0.007255504490318595,0.07293212567779157
Kepler-1558 b,0.68,0.244,1019.0,0.04278,5101.0,0.79,4.278302247276798,0.8761899757630229,0.006044998179286938,0.07277751581496128
Kepler-1127 b,1.96,4.5,994.0,0.0556,5664.0,0.95,3.2949791758284865,0.7658575202951114,0.0067518560806030655,0.07190938572453622
Kepler-633 b,1.63,3.29,1021.0,0.08185,5899.0,1.15,4.1883354649805495,0.8551974270987659,0.0059923175465882664,0.07158641315362206
K2-289 b,9.1,61.0,753.0,0.107,5529.0,1.025,0.44628679056642934,0.22832032084072934,0.022332215676346842,0.07140657286488322
Kepler-350 c,3.1,6.1,888.0,0.1385,6492.3,1.25,1.128893904380298,0.45766679693971496,0.011074996994072718,0.07119451102714473
Kepler-1576 b,1.04,1.12,1059.0,0.07211,5876.0,1.06,5.489418976178262,0.9933763084904268,0.005087207411297642,0.07108805327732637
Kepler-1121 b,1.91,4.31,1008.0,0.11818,6231.0,1.59,3.4102447021936824,0.7784375714106647,0.00634469699927632,0.07027766731653229
WASP-105 b,10.76064,572.094,900.0,0.075,5070.0,0.9,2.531403993451277,0.47121336414863246,0.010448022775230176,0.07016586036398145
Kepler-791 b,3.05,9.53,939.0,0.1256,6383.0,1.47,1.8518327359119595,0.5663036670122318,0.008680753800137731,0.07011378401889577
Kepler-610 b,4.19,16.3,888.0,0.0719,5943.0,1.13,1.2216700021815123,0.44309467793150686,0.011074996994072718,0.07005192521395152
Kepler-414 b,1.71,3.5,1024.0,0.0543,5536.0,0.946,3.859118262221699,0.8267242175638991,0.005914308093421876,0.0699249721556329
TOI-1422 b,3.83,9.5,870.0,0.107,5840.0,1.019,0.9322570104595523,0.40066913286376554,0.01210070037074923,0.06963028884467119
KOI-351 b,1.31,2.27,1062.0,0.074,6080.0,1.2,5.566988763620885,0.9571184101318537,0.005022881800130801,0.06933608470934464
TOI-5817 b,3.08,10.3,950.0,0.1223,5770.0,1.427,1.9435398497845329,0.5760895089806116,0.00824771909040649,0.06893057696699116
HD 73267 c,12.8,1630.77755632,69.53,12.688,5387.0,0.909,4.287194544351676,0.5369728002919787,0.008836216619650956,0.068882566606076
HATS-77 b,13.05846252,436.69623122,828.3,0.03607,4071.0,0.6428,1.0812140428753485,0.3159938033070711,0.014939759142197053,0.06870859707368819
Kepler-475 b,2.49,6.76,980.0,0.03989,5009.0,0.79,2.414109856167125,0.654599771550389,0.007190183253802744,0.06860533736776395
Kepler-1813 b,1.413,2.58,1059.0,0.0364,5167.0,0.787,5.041985529558782,0.9251748597544942,0.005087207411297642,0.0686043468250323
Kepler-203 d,1.44,33.9,855.0,0.1,5821.0,1.114,62.59225476029687,0.35662616521885787,0.013041854808004886,0.06819872922217764
Kepler-132 c,1.28,2.18,1069.0,0.068,6003.0,1.178,5.7310600519772645,0.9531634534340168,0.004876482002859936,0.0681768613713979
Kepler-1108 b,1.46,2.73,1063.0,0.0511,5406.0,0.84,4.836291330567889,0.9093528615124412,0.005001653403354336,0.06744084692998528
Kepler-1428 b,1.64,3.33,1049.0,0.11051,6184.0,1.36,4.162181972725495,0.8526458076316793,0.00530875426170741,0.06727917259443396
Kepler-1431 b,1.47,2.76,1064.0,0.0648,5806.0,1.03,4.79033021908102,0.9058287854240069,0.004980530723429384,0.06716776083785278
GJ 328 b,13.3,797.74930157,73.57,4.11,3897.0,0.63,1.8694759574401612,0.3967804900711206,0.011301962688319333,0.06696565010687841
TOI-1716.01,3.143,10.0,959.0,0.080496,5879.0,1.24,1.7757230471728587,0.5532261714372754,0.007912273859106434,0.0661609928465156
Kepler-1781 b,2.38091029,6.26,1003.0,0.0574,5568.0,0.957,2.5571347362583645,0.674719649603175,0.006486696897768929,0.06615664636258894
Kepler-338 b,2.44,30.6,1005.0,0.117,5923.0,1.735,11.613425063718596,0.6768159029089823,0.0064294517407802055,0.06596631856596125
Kepler-887 c,1.13,1.51,1089.0,0.0801,6194.0,1.29,5.7696569438217225,0.9700502076794295,0.004485115828128594,0.06596049985061089
Kepler-1872 b,2.38421141,6.28,1005.0,0.0465,5223.0,0.885,2.5546636714406423,0.6742937132382372,0.0064294517407802055,0.06584329038236723
Kepler-918 b,1.74,3.68,1052.0,0.0569,6028.0,1.14,3.851309743085428,0.8236090626116898,0.00524111638633162,0.06570107270041603
Kepler-1783 b,1.31946731,2.3,1088.0,0.07595,5129.0,1.781,5.520015606416283,0.9581793807359421,0.004503782737025703,0.06569194588328553
Kepler-561 c,2.68,7.65,989.0,0.05947,5646.0,0.94,2.1911162895601426,0.6216239695227173,0.006904684839655568,0.0655142549246347
HD 5583 b,12.8,1837.0574,964.55,0.53,4830.0,9.09,4.829489118499641,0.5560440352908067,0.007713433786848786,0.06549052487793824
Kepler-1629 b,0.77,0.381,1081.0,0.0485,5776.0,1.01,4.601094727878257,0.9138728491671964,0.004637047516613486,0.06509740260356967
Kepler-275 b,2.34,6.08,1015.0,0.098,6165.0,1.383,2.616160484041845,0.6827136894645722,0.006152006982164636,0.06480786514309377
TOI-1659.01,2.255,5.71,1031.14,0.065757,5977.0,1.006,2.7453950361110406,0.69978785354876,0.005733412296924299,0.06334171046612745
TOI-1062 b,2.265,10.15,1077.0,0.052,5328.0,0.84,4.815815028847769,0.8378508370022295,0.004715285658749166,0.06285464211884113
Kepler-1870 b,2.10143764,5.07,1046.0,0.0452,5508.0,0.84,3.012082155465837,0.7329948324701883,0.005377423834872254,0.06278235327672406
Kepler-1812 b,2.3249424,6.01,1034.0,0.0765,6174.0,1.103,2.6366121746434925,0.6855247648867476,0.005662788009326909,0.06230554885961059
TOI-6000 b,0.94,0.779,1120.0,,3419.0,0.38,5.170853950185537,0.974123811576555,0.003949230904086906,0.06202451016400743
Kepler-1581 b,0.8,0.437,1108.0,0.06865,6022.0,1.23,4.705652478053582,0.9254795563515805,0.0041471973950957045,0.06195277560622771
Kepler-60 b,1.71,4.19,1102.0,0.07255,5905.0,1.257,4.619915862488263,0.8730285585114718,0.004250558842360475,0.06091682246320926
Kepler-350 b,1.85,16.9,1037.0,0.104,6186.0,1.534,14.715665043674516,0.6532387108070861,0.005589806269006676,0.06042745932791887
Kepler-150 b,1.25,2.1,1131.0,0.044,5560.0,0.939,5.927855795730993,0.947925735412763,0.0037774850801198254,0.05983957989978978
Kepler-171 b,2.34,6.08,1053.0,0.05,5642.0,0.839,2.616160484041845,0.6827136894645722,0.005218796604783061,0.059690400271874756
TOI-5110 b,11.98240037,921.7023803,976.0,0.2157,6160.0,2.333,2.9537083015202166,0.48410561753593745,0.00732152664568294,0.059534798043784115
Kepler-1179 b,1.32,2.3,1137.0,0.03497,5212.0,0.81,5.513335445864859,0.9584272621930892,0.0036875222527805924,0.059449321753982994
HD 158996 b,12.3,4449.62,960.27,2.1,4069.0,50.3,13.183051958254296,0.43925232621856,0.007866245320892152,0.05878151542626084
Kepler-244 b,2.76,8.05,1038.0,0.05,5554.0,0.803,2.1109454404998327,0.6090269685538049,0.005565725891491088,0.05822093410016917
TOI-261.02,3.34822227,11.2,1007.53,,5890.3,1.31383,1.6450668658403196,0.5288903291278951,0.006357887809652705,0.057988148584046474
Kepler-1281 b,1.64,3.33,1123.0,0.0415,5353.0,0.83,4.162181972725495,0.8526458076316793,0.003901494046843262,0.05767662041538895
Kepler-638 b,1.83,4.01,1111.0,0.06695,5382.0,0.93,3.6074430021214465,0.799199304955893,0.0040966294267074715,0.05721908239815166
Kepler-154 e,1.5,2.86,1140.0,0.04766,5769.0,0.98,4.671976294034017,0.8962400921852505,0.003643489347940727,0.057144039313600986
Kepler-553 b,4.74139884,116.00736855,1089.0,0.04766,5191.0,0.902,6.000320975693251,0.7233673041481491,0.004485115828128594,0.05695951321232981
Kepler-188 c,3.19,10.3,1025.0,0.066,6021.0,1.141,1.7493372742822617,0.5481142180619679,0.005888571490433294,0.05681205644914503
Kepler-134 b,2.0,4.66,1105.0,0.06,5983.0,1.176,3.211473215228147,0.7563734415711524,0.004198503058756251,0.056352783498230814
DMPP-9 b,3.89,14.43,995.58,0.1097,6092.0,1.26,1.35153065792941,0.4708669294871793,0.006704394024077037,0.056186096395721856
Kepler-1200 b,1.06,1.2,1174.0,0.0188,4612.0,0.7,5.554846019118895,0.9894589213620408,0.0031853836455818354,0.05614094999268972
bet UMi b,12.7,1938.7,1040.63,1.4,4126.0,38.3,5.218045022099226,0.5693999245492106,0.005502976118382535,0.05597672897377198
Kepler-160 b,1.715,3.59,1134.0,0.05511,5471.0,1.118,3.9238324091395027,0.8306099334201394,0.0037321840404160767,0.05567754607848396
Kepler-773 b,1.43,2.63,1160.0,0.04682,5850.0,1.01,4.95856499984075,0.9190150991540618,0.0033652756894643164,0.05561240123779769
HD 6434 b,14.2,155.7367,786.83,0.14,5769.0,1.12,0.2998708904567155,0.16647535964392574,0.0185752688998117,0.05560867351932414
Kepler-381 c,1.12,1.46,1180.0,0.117,6152.0,1.568,5.7293738599701,0.9732131054132795,0.0031117734759730092,0.055031070568310476
TOI-2141 c,2.35,6.14,1095.0,0.0585,5635.0,0.95,2.608393797515929,0.6813965895620298,0.004375011051648349,0.0545996118107938
Kepler-434 b,12.67,908.96,1000.0,0.1143,5977.0,1.38,2.463901272191732,0.4469666596631345,0.0065736956407789725,0.05420537595295402
HD 87646 b,12.4,3941.092,1012.7,0.117,5770.0,1.55,11.396195531255016,0.46252081735577055,0.006214548283595556,0.053613039007554104
Kepler-223 b,2.99,7.4,1042.0,0.07525,5803.0,1.72,1.5262529952905541,0.5253876265068896,0.0054706195868210366,0.053611527120965376
Kepler-537 b,1.41,2.57,1181.0,0.04317,5763.0,0.99,5.054569353673497,0.9261472737375892,0.0030997010323938036,0.05357965715225427
HD 95735 c,3.76,13.6,63.49,2.94,3719.0,0.3685,1.4105346141391868,0.4832503864230969,0.005909742146774201,0.05344048255853885
TOI-1478 b,11.99360935,279.68899816,918.0,0.0818,5597.0,1.048,0.8937870553225792,0.2964135770533056,0.009584261949932815,0.05330014416486578
Kepler-1836 b,2.55303229,7.05,1093.0,0.0602,6123.0,0.987,2.335761891226627,0.6432848602940043,0.004411354751086787,0.053270608451191505
K2-326 b,2.28,5.82,1114.0,0.0198,3924.0,0.688,2.7072403737746336,0.6947746967745296,0.004046786961358907,0.05302457151160445
Kepler-1278 b,1.01,1.01,1213.0,0.04417,6074.0,1.16,5.404625760797071,0.9934101571372461,0.0027410073019693364,0.0521818406590233
Kepler-1154 c,2.36,6.17,1117.0,0.0875,6327.0,1.43,2.5879598219248554,0.6788740769156031,0.003997658034411378,0.05209516683853953
Kepler-1844 b,3.03648191,9.46,1074.0,0.0478,5776.0,0.849,1.8628908797156802,0.5681954869741692,0.004774986949647006,0.052087676423027196
HD 216536 b,13.8,333.7215,897.99,0.61,4639.0,9.83,0.7000923019346729,0.2547831101242288,0.010550063312503088,0.05184571286776815
Kepler-25 c,5.217,15.2,934.0,0.1117,6354.0,1.316,0.5901867461216217,0.30060405276438973,0.00888641996621472,0.051684561103007697
Kepler-466 c,1.25,2.1,1206.0,0.04658,5927.0,1.05,5.927855795730993,0.947925735412763,0.0028150970891384695,0.05165755490225909
GJ 849 b,13.9,283.82076745,73.63,2.32,3467.0,0.45,0.5826505272478243,0.232867303133722,0.01134192963041341,0.05139226172651699
TOI-4747 b,3.95803201,14.8,1035.0,,5595.08,0.988751,1.3159281682651305,0.4636541375623102,0.0056383366017700165,0.051129620518635614
Kepler-637 b,4.75,20.2,1002.0,0.16619,6096.0,2.56,1.0391516106207872,0.400500886355353,0.006515544767856184,0.051083083840097056
TOI-1226 b,2.4101112,6.39,1123.44,,5434.91,0.986943,2.5165061139931737,0.6691304404103545,0.0038945500021878993,0.05104862346982665
Kepler-821 b,1.31,2.27,1215.0,0.029,5191.0,0.8,5.566988763620885,0.9571184101318537,0.002720262751227719,0.05102561669981047
KOI-12 b,13.78707,349.613,911.0,0.154,6635.0,1.4,0.7354954760051569,0.2608676358383434,0.009909772199352398,0.050844260692251196
HD 81688 b,13.5,525.68818518,958.66,0.648,4797.0,11.13,1.177972862151776,0.32537151899679906,0.007924650306634933,0.05077849454038843
TOI-4914 b,12.87,227.0,894.0,0.098,5805.0,1.0,0.5870817646778232,0.23854277709648639,0.01075612455184499,0.05065368517090148
Kepler-1905 b,1.4460734,2.69,1212.0,0.0451,5788.0,1.015,4.904442441340626,0.9144521363579734,0.0027514495075083227,0.05016043141981615
Kepler-666 b,2.4,6.35,1133.0,0.0542,5887.0,1.05,2.53249370587679,0.6712548631855627,0.0037472128413651032,0.05015311399262977
Kepler-273 b,1.5,2.86,1209.0,0.037,5626.0,0.815,4.671976294034017,0.8962400921852505,0.0027830587511925124,0.04994285566250438
Kepler-1865 b,1.57686072,3.11,1203.0,0.0344,5420.0,0.871,4.373093457502078,0.8714409423337307,0.002847571245394359,0.049814557806417345
TOI-7041 b,11.43316031,114.41822652,882.37,,4700.0,4.1,0.42208965431717504,0.20932170095023153,0.011384388620286649,0.048815976793226835
Lupus-TR-3 b,9.976,257.431,1013.56,0.0464,5000.0,0.82,1.4295518004036478,0.38303429693516805,0.006191075910643172,0.048696965087215265
Kepler-590 b,4.02,15.2,1056.0,0.0647,6000.0,1.15,1.2899527514428157,0.458047342611814,0.005152506674072234,0.048580777987270056
Kepler-1292 b,1.82,3.97,1195.0,0.0443,5556.0,0.93,3.630652783911319,0.8016644328073126,0.002936352094852919,0.048517718790590615
Kepler-1471 b,1.41,2.57,1238.0,0.0453,5660.0,0.93,5.054569353673497,0.9261472737375892,0.002494524969828035,0.04806555419504259
61 Vir b,2.11,5.1,1177.85,0.050201,5577.0,0.963,2.9931686284266275,0.7308232340094628,0.0031379174930035256,0.04788802575061643
K2-275 b,2.34,6.08,1166.0,0.0277,4841.0,0.69,2.616160484041845,0.6827136894645722,0.0032867496684137808,0.04736991653432832
WASP-53 b,12.038466,677.61356,1053.0,0.04101,4953.0,0.798,2.1412975060120094,0.4296541120778572,0.005218796604783061,0.04735269180672839
Kepler-770 b,2.3,5.9,1171.0,0.1694,5598.0,0.92,2.6734796217371297,0.6904502966326962,0.0032229578828237375,0.04717300315042849
Kepler-677 b,5.38,25.0,1015.0,0.067,5723.0,0.99,0.8851187814099024,0.36139948249616405,0.006152006982164636,0.04715222306177183
pi Men c,2.0189,3.63,1169.8,0.06839,5998.0,1.17,2.432039226592914,0.6840980179520949,0.003238133760696583,0.047065920659818135
WASP-8 b,12.66617,807.2882,1059.0,0.0801,5600.0,1.03,2.19028707855611,0.42763388399651686,0.005087207411297642,0.04664185099231244
Kepler-1344 b,1.84,4.04,1219.0,0.05501,5981.0,1.13,3.5754957864863606,0.796099326569779,0.002679326407776718,0.046184520663222976
HD 39855 b,2.85,8.5,1145.89,0.041,5576.0,0.744665,2.0243831798397247,0.5951608734083015,0.003558828553696757,0.046022554365534346
Kepler-374 d,1.31,2.27,1272.0,0.056,5977.0,0.911,5.566988763620885,0.9571184101318537,0.0021999851830640004,0.045887322004316736
Kepler-972 b,4.65,19.5,1060.0,0.0734,6146.0,1.22,1.06926198593398,0.4077049697883747,0.005065658188131119,0.04544550603250261
Kepler-932 b,1.37,2.45,1276.0,0.02876,5331.0,0.84,5.253064791004299,0.9405381310878402,0.0021681035399592017,0.04515732555719125
Kepler-605 c,0.86,0.566,1278.0,0.03336,5462.0,0.88,4.906021554771007,0.9471858954033079,0.0021523671670087468,0.045151875069811456
Kepler-824 b,1.87,4.16,1231.0,0.055,6035.0,1.22,3.507332063636903,0.7887586336098785,0.0025608056895086422,0.04494282586350395
TOI-1776 b,1.21612741,1.4,1269.21,0.0378,5785.0,0.9356,4.291401800243505,0.9045893642788984,0.002222550111630959,0.04483854583456341
Kepler-447 b,18.49,435.41,882.0,0.0769,5493.0,1.05,0.3797484765170743,0.17469353914758326,0.011405076158582312,0.044636231005658035
Kepler-1947 b,1.0101666,1.01,1298.0,0.07375,6040.0,1.686,5.4019521557861,0.9932539283449715,0.0020021880255137667,0.044594631085219334
Kepler-1572 b,0.94,0.779,1293.0,0.05838,5618.0,0.95,5.170853950185537,0.974123811576555,0.002038541918225341,0.04456222866330017
Kepler-1982 b,0.77,0.381,1282.0,0.0511,6202.0,1.122,4.601094727878257,0.9138728491671964,0.002121296629785429,0.04402948324691969
Kepler-585 b,2.83,8.4,1178.0,0.03841,5593.0,0.93,2.043282210914403,0.5982132245573822,0.0031360851081848246,0.043313364970337165
K2-44 b,2.433,6.5,1211.0,0.06,5912.0,1.58,2.488257973132767,0.6650879214022696,0.002761938655146406,0.04285944515730346
Kepler-1575 b,1.31,2.27,1312.0,0.0366,5667.0,0.92,5.566988763620885,0.9571184101318537,0.001904393025730188,0.04269343772821613
HR 8799 e,13.11453,3178.3,1150.0,16.4,7400.0,1.49338,7.76864130636534,0.5185833568729727,0.0035011256190212526,0.042610156962231506
Kepler-1434 b,1.11,1.41,1320.0,0.0917,6291.0,2.04,5.6840586542792755,0.9766340185375706,0.001851041127585228,0.0425181106695944
Kepler-1403 b,2.14,5.22,1238.0,0.064,6060.0,1.15,2.936551065496789,0.7240011475329857,0.002494524969828035,0.04249751687693275
Kepler-1342 b,1.66,3.39,1283.0,0.0313,5527.0,0.9,4.08586307572073,0.846009432014841,0.002113611828454655,0.04228635172831504
Kepler-464 b,3.3,10.9,1163.0,0.07931,5933.0,1.59,1.6722186117544904,0.5341577183610622,0.003325739391988562,0.042148183418602
Kepler-889 b,1.09,1.32,1328.0,0.04975,5961.0,1.25,5.619566461397856,0.982320365631912,0.0017994429312338162,0.04204318539482186
TOI-2876 b,9.6397234,54.03082919,929.0,0.0654,5271.0,0.873,0.3325494925273829,0.19419152889914562,0.009097856518079959,0.04203244778681114
HD 45184 b,3.52,12.19,1156.34,0.0644,5869.0,1.075139,1.5409341841860575,0.5090760514796594,0.00341426301252934,0.04169076076460446
Kepler-1890 b,0.86867375,0.587,1328.0,0.05712,6046.0,1.396,4.9371506782654855,0.9503371835391693,0.0017994429312338162,0.04135308364811761
Kepler-140 b,1.61,3.22,1301.0,0.045,6077.0,1.288,4.253893552400827,0.8611019411943726,0.0019807426617062637,0.04129916888996402
K2-38 b,1.54,7.3,1266.0,0.04994,5731.0,1.06,11.019682255089002,0.7519891634566248,0.0022488504120801805,0.04112312172147515
Kepler-1435 b,0.86,0.566,1331.0,0.05456,6356.0,1.32,4.906021554771007,0.9471858954033079,0.0017805321570248918,0.04106695685640714
HD 109271 b,4.31,17.162,1128.86,0.079,5783.0,1.294595,1.1818012953284,0.4338488197383191,0.0038101962920605425,0.040657707317085484
Kepler-855 b,8.35,52.7,996.0,0.0762,5835.0,1.03,0.4990678152868121,0.24661350313487107,0.006691843790204273,0.040623872778621305
Kepler-501 c,1.68119739,3.47,1304.0,0.0467,5794.0,1.216,4.026073767627414,0.8402719754450447,0.001959567644069088,0.04057794690839009
Kepler-363 c,1.69,66.4,1054.0,0.079,5593.0,1.485,75.84314611212415,0.3153777302792693,0.005196588822803531,0.04048318648686634
HR 8799 b,13.0,2000.0,1200.0,68.0,7204.58,1.49338,5.0188973496486975,0.5598203827737324,0.0028804880635240663,0.04015664241812567
Kepler-1206 b,1.64,3.33,1314.0,0.0201,4877.0,0.75,4.162181972725495,0.8526458076316793,0.0018908869188657789,0.04015291775296647
Kepler-487 d,2.77513568,8.12,1226.0,0.03445,5422.0,0.887,2.0946513218498053,0.6065074887364478,0.002609422219205587,0.03978233423548031
HD 206893 c,16.36511182,3527.8953177,1181.9,3.74,6500.0,1.31116,4.437793943396211,0.5081443176521502,0.003088883030192959,0.0396181569445716
Kepler-166 d,1.73,3.64,1313.0,0.02449,5350.0,0.83,3.875890051245424,0.8261189696503177,0.0018976258029614718,0.039593745378839675
Kepler-564 b,4.63,19.4,1129.0,0.0484,5626.0,0.92,1.0776236930375247,0.40954320095045416,0.003808046121596498,0.039491257235058905
HD 13908 b,13.9,274.91,993.25,0.154,6255.0,1.67,0.5643577736922203,0.22929547106429046,0.006774524155484052,0.03941278609116755
TOI-1410.01,3.10083009,12.5,1236.7,0.0207,4635.0,0.7558,2.311449866358165,0.6150998895975502,0.002506679849925232,0.03926650607000086
TOI-4527.01,0.9086617,0.689,1362.93,0.008332353,3702.0,0.485948,5.063151557487358,0.9636011023700688,0.001593111971478379,0.039180664260774344
HR 8799 c,13.0,3000.0,1200.0,38.0,7204.58,1.49338,7.528346024473046,0.5248922648532313,0.0028804880635240663,0.03888374857888377
TOI-251 b,2.74,317.83,1041.19,0.05741,5875.0,0.881,85.18273380229063,0.2708887762755069,0.0054897228948686235,0.038562991547370834
Kepler-228 b,1.53,2.96,1360.0,0.038,6043.0,1.014,4.556441440802113,0.8867095838458818,0.0016093069388074307,0.03777549319320963
Kepler-1827 b,1.85644292,4.1,1329.0,0.04647,5423.0,1.404,3.533030849879188,0.7917082907837193,0.0017931131419030545,0.03767787866584174
Kepler-1275 b,1.48,2.79,1368.0,0.0488,6296.0,1.36,4.7449040162550755,0.9023169951971762,0.001565540265138524,0.037584752066496106
HIP 94235 b,3.0,379.0,1060.0,0.0787,5991.0,1.08,77.38981710834318,0.278835100532814,0.005065658188131119,0.03758301890684692
HR 858 c,1.979,3.8,1309.0,0.0687,6354.0,1.258,2.703053169969827,0.7137016954877413,0.001924866103550282,0.037064541029003965
K2-261 b,9.26982704,68.96876432,1036.0,0.1086,5490.0,1.663,0.47735989197790474,0.23491500379757616,0.005614009597852463,0.03631549374577111
HD 49674 b,6.2,31.783,1113.78,0.06,5602.0,1.02,0.7352384213712913,0.32020284880596517,0.004050417686903483,0.0360132653643149
Kepler-758 c,1.69,3.5,1372.0,0.05768,6228.0,1.42,3.9977561956691936,0.8376549711010276,0.001544183960965618,0.03596516886095942
Kepler-1154 b,2.34,6.08,1314.0,0.0631,6327.0,1.43,2.616160484041845,0.6827136894645722,0.0018908869188657789,0.03592957534871729
HD 28471 b,1.75,3.72,1377.0,0.042,5766.0,1.08,3.8268123629250477,0.821100650361689,0.0015179697637039084,0.03530447507337644
Kepler-203 b,2.57,7.13,1308.0,0.043,5821.0,1.114,2.3157865879989137,0.6403396444827396,0.0019317480622765583,0.035170653497317794
K2-19 d,1.044,6.2,1258.0,0.03478,5350.0,0.824,30.03990590671503,0.5310984990224273,0.002316009648107564,0.03507177280707931
HAT-P-27 b,11.43,197.05,1091.99,0.04,5316.0,0.864673,0.7275219861913409,0.2726945965526748,0.00442984356000264,0.03475621386725523
TOI-2364 b,8.60849718,71.51139158,1091.0,0.04871,5306.0,0.886,0.6180186474008278,0.2714922216405191,0.004448054998082114,0.03475071702006346
Kepler-391 b,2.5,1100.0,930.0,0.083,5038.0,2.879,388.13341519667216,0.1258697034476234,0.009055098684091527,0.03376037005211237
K2-30 b,11.646151,184.02357,1092.0,0.04839,5425.0,0.844,0.6422950513778234,0.2557346544949323,0.004429660055126365,0.03365735556646933
Kepler-1193 b,1.32,2.3,1453.0,0.04004,5908.0,1.21,5.513335445864859,0.9584272621930892,0.0011774955875831225,0.0335938070520704
K2-269 b,1.57,3.09,1429.0,0.0531,6209.0,1.45,4.402181016953257,0.8738269723047345,0.001274244407655176,0.033368684911419005
Kepler-729 b,3.58,12.5,1273.0,0.0432,5633.0,0.91,1.5019978381479206,0.5017537949856252,0.0021919632368102835,0.03316362272940841
Kepler-101 c,1.25,3.78,1413.0,0.0684,5667.0,1.56,10.670140432315787,0.7873777910147483,0.0013439640265787958,0.03253010031418438
Kepler-1859 b,1.58313575,3.13,1455.0,0.0394,5887.0,1.235,4.349088483643586,0.8694067892614509,0.0011698314332667808,0.03189136858734026
HATS-59 b,12.621334,256.17098,1128.0,0.06112,5670.0,1.036,0.702461497468935,0.2612997321059999,0.003823435935114551,0.031607954466714314
Kepler-1250 b,1.92,4.35,1431.0,0.0393,5717.0,0.98,3.388394322269942,0.7760246441680264,0.0012658327871214574,0.03134194375277561
TOI-2969 b,12.32987877,368.68095212,1186.0,0.0261,4738.0,0.7,1.0843828871229788,0.3212430011762834,0.003040160903539429,0.03125108658449827
TOI-1839 b,2.21895097,5.56,1405.35,,5315.91,0.848099,2.8056923474792304,0.7074598173040381,0.0013788834376855324,0.03123306941222029
Kepler-669 b,4.83,20.8,1243.0,0.0529,6038.0,1.2,1.0177247054283096,0.39519705419447515,0.002448418566153646,0.031106394917749334
HD 33283 b,12.5,104.56607,1034.4,0.1508,5935.0,1.97,0.2951678971839584,0.17082268442913198,0.005652992471037266,0.031075059918852257
GJ 832 b,13.8,314.65012293,57.84,3.7,3472.0,0.441557,0.660083719107374,0.24774207366123463,0.003882244606366189,0.031012825237977
HIP 35965 b,12.6,2589.98368864,48.85,15.898,4836.0,0.697551,7.138283104875132,0.5379169370185466,0.0017798077869080307,0.03094169926192364
Kepler-586 b,2.79,8.2,1365.0,0.0331,5575.0,0.92,2.0816591369085082,0.6043679594147041,0.0015817862698520868,0.03091894144599233
Kepler-491 b,8.92,59.0,1111.0,0.05191,5582.0,1.03,0.45831684858721905,0.23253146842294725,0.0040966294267074715,0.0308641419154485
TOI-6019 b,12.3,149.0,1095.0,0.1212,5561.0,2.02,0.4414477509944423,0.20995885920291618,0.004375011051648349,0.030307958185998574
WASP-37 b,13.002,572.07,1232.5,0.0446,5800.0,1.003,1.434917931699246,0.3579241448610913,0.0025464295503859185,0.030189876105590315
Kepler-497 b,6.04,30.4,1210.0,0.0457,5834.0,1.11,0.760625957450402,0.3274549956330516,0.0027724749881447718,0.030130728254320224
TOI-5108 b,6.6,32.0,1180.0,0.073,5808.0,1.29,0.6136582061484369,0.2892694505428221,0.0031117734759730092,0.0300023499681015
HATS-43 b,13.22662,82.95363,1003.0,0.04944,5099.0,0.812,0.19765014638471168,0.13702849678960985,0.006486696897768929,0.02981379420723068
Kepler-1825 b,1.42200732,2.61,1520.0,0.0187,5123.0,0.847,5.004300561993389,0.922254529487329,0.0009499806261094981,0.029599390793641232
HAT-P-21 b,12.44199,1547.8321,1367.0,0.05037,5588.0,1.21,4.4306013935731965,0.5463541427005554,0.0015709336419352377,0.029296520325441177
HAT-P-52 b,11.309881,259.98494,1218.0,0.03694,5131.0,0.893,0.9907919283335316,0.3155265520956816,0.002689491990406629,0.02913084507222466
Kepler-1446 b,0.82,0.477,1539.0,0.01405,4865.0,0.75,4.76963555793408,0.9327015527156585,0.0008951841306281265,0.02889532191555011
Kepler-720 b,8.41,53.4,1162.0,0.0539,5618.0,0.92,0.4949503596222609,0.24516557741563644,0.003338856993876592,0.028610711330059425
Kepler-880 c,2.87,8.6,1407.0,0.1216,6900.0,2.599,2.005677652394183,0.5921254412833894,0.0013712621672449807,0.02849489806781472
TOI-4427 b,13.09208946,87.72064033,1040.0,0.05389,5347.0,0.89,0.21551786444727755,0.14367104738831193,0.005517931119400655,0.028156117334264194
HD 29985 b,12.8,1739.47487151,46.73,13.39,4678.0,0.574666,4.572951810793231,0.547349639177402,0.0014448429537445187,0.02812177571562781
XO-5 b,12.78,378.2,1230.0,0.0515,5430.0,1.13,0.9989352475825837,0.3066784228743387,0.002570442961432901,0.02807666991472968
Kepler-524 c,0.96,0.84,1574.0,0.03046,6014.0,1.1,5.234485021989428,0.9804200593819286,0.0008036910020124982,0.02807053223431674
WASP-140 b,14.23540549,775.5052,1270.0,0.0323,5300.0,0.87,1.4821206616213392,0.3542322827555958,0.002216133173976296,0.028018313887670458
Kepler-750 c,1.62,3.26,1537.0,0.05009,6160.0,1.23,4.22747386064503,0.8585453757193239,0.0009007733170442101,0.02780925683867987
KELT-24 b,12.71098411,1458.83238813,1391.0,0.0665,6426.0,1.338,3.9163026254220887,0.5232342815324259,0.0014473152105178976,0.027518810554351434
Kepler-198 d,1.53,2.96,1562.0,0.02342,5636.0,0.93,4.556441440802113,0.8867095838458818,0.0008337600622495632,0.027190127580146193
Kepler-290 d,0.86,0.566,1589.0,0.0154,5142.0,0.755,4.906021554771007,0.9471858954033079,0.000767884086332768,0.026969037355438808
Kepler-1443 b,0.97,0.871,1602.0,0.03783,6289.0,1.27,5.261521225357933,0.9832818183896687,0.0007383650980864555,0.026944776419223004
XO-1 b,12.77826,263.7989,1210.0,0.0488,5750.0,0.88,0.6970536301417795,0.2594943291423857,0.0027724749881447718,0.026822407369821808
Qatar-5 b,12.408363,1373.0256,1415.0,0.04127,5747.0,1.076,3.962265190600173,0.5284933046630769,0.0013350074018561536,0.026562049498422124
TOI-4377 b,15.10970598,304.1617855,1162.08,0.0579,4974.0,3.52,0.4861216720354326,0.20848389329345826,0.0033378053432374295,0.02637951199347416
Kepler-775 b,1.19,1.81,1612.0,0.01834,5468.0,0.84,5.921695410846253,0.9555313366338432,0.0007165661497901142,0.026166799783227494
HATS-12 b,7.76,759.6137,1446.0,0.0441,6357.0,1.17,8.96222823447966,0.5673624522016174,0.001204790439779149,0.026144843818660744
Kepler-1399 b,1.25,2.1,1610.0,0.0276,5735.0,0.96,5.927855795730993,0.947925735412763,0.0007208645636383264,0.02614050633824565
Kepler-1408 b,0.89,0.64,1616.0,0.04218,6170.0,1.35,5.005164188350153,0.9575166812581561,0.0007080596537570843,0.026038028531328607
Kepler-272 b,1.43,78.0,1200.0,0.038,5297.0,0.929,147.06010265687397,0.23190321219447677,0.0028804880635240663,0.025845588300889556
Kepler-546 b,7.0,39.1,1258.0,0.0502,5967.0,1.15,0.6284793489178819,0.2883613924294057,0.002316009648107564,0.025842750763187636
AF Lep b,13.0,1147.36054927,1400.0,8.996,6140.0,1.25,2.8792424099113383,0.46959156984964534,0.001403940663862511,0.02567642304369808
Kepler-450 d,0.837,17.6,1199.0,0.0827,6197.21,1.64162,165.4796784534316,0.224609154823503,0.0028915599058876407,0.025484717510361986
Kepler-1016 b,2.18,5.39,1540.0,0.03044,5821.0,1.0,2.868320381338488,0.7154753722732742,0.0008924048776642773,0.02526843311456677
Qatar-2 b,14.056,792.635,1344.0,0.02153,4645.0,0.776,1.5736073462978308,0.36446075658426236,0.0017012461481934263,0.024900551365514743
TOI-2145 b,12.24020692,1805.26535176,1484.0,0.1117,6206.0,2.75,5.427291430186162,0.5811521288220007,0.0010650497997467556,0.024878825503312503
K2-60 b,7.655747,135.39558,1400.0,0.045,5500.0,1.12,1.6636047165006977,0.43667174680351245,0.001403940663862511,0.024760073144022125
HD 134060 b,3.16,10.1,1473.18,0.0444,5966.0,1.164285,1.764690307832831,0.5511881629466685,0.0011027957996008904,0.024654573427405253
HATS-69 b,10.592505,183.38791,1295.7,0.03211,5137.0,0.8785,0.8507129473014875,0.29930391304184834,0.0020188150412294064,0.02458127827326524
TOI-5630 b,2.37117553,6.22,1541.0,,5385.64,0.933361,2.572217245797216,0.6767256991958792,0.0008896357940658302,0.024536491288871767
NGTS-16 b,14.57167491,211.99154747,1177.0,0.0523,5550.0,1.213,0.3777448034097899,0.1857408896763518,0.0031483248864934924,0.02418207322392976
Kepler-1339 b,0.71,0.285,1642.0,0.02356,5586.0,0.93,4.39013816423047,0.8894204145061781,0.0006555802722213959,0.024147183634147213
K2-308 b,9.916,70.6,1213.76,,6100.0,1.24,0.39921193924456694,0.21128664983478723,0.0027331024717787023,0.02403056522259304
Kepler-650 b,2.96,9.06,1507.0,0.0421,5849.0,1.35,1.9260228668132158,0.5789326657530377,0.0009897571274511416,0.0239374754776555
Kepler-1264 b,1.18,1.76,1677.0,0.01839,5791.0,0.98,5.905749480178599,0.9574932727247484,0.0005920001836138225,0.023808321932930317
Kepler-1091 b,1.46,2.73,1664.0,0.0252,5851.0,1.03,4.836291330567889,0.9093528615124412,0.0006147283234694245,0.02364328572765779
V830 Tau b,14.0,222.481,1213.95,0.057,4250.0,2.0,0.44700995532800286,0.20414471106036758,0.002731130466537282,0.023612408601398974
Gaia-2 b,14.81827249,259.66580852,1213.23,0.0467,5720.0,1.064,0.439977443793667,0.1995050260425421,0.0027386122091982803,0.023374492510352535
HAT-P-29 b,13.11453,279.6904,1281.0,0.0667,6087.0,1.3,0.6836404349601499,0.2553473787749014,0.002129014400798021,0.023316051265550777
Kepler-1934 b,0.91307734,0.702,1700.0,0.02466,5925.0,1.035,5.084201937193781,0.9654130467382528,0.0005541695414193962,0.023130121171131803
TOI-3135 b,13.65253849,327.36325921,1292.0,0.04756,5890.0,0.985,0.7092479375691043,0.25709086234629935,0.0020459057936150294,0.022934334190461644
DMPP-1 d,2.02,4.72,1632.0,0.04467,6196.0,1.26,3.1571576226438336,0.7505888136564639,0.0006752030256012932,0.022512215305547555
TOI-375 b,10.77183045,236.78216321,1373.0,0.099,5259.9,2.9,1.0444528314431791,0.32727481429974065,0.0015388986814469014,0.022441986993059472
TOI-5126 b,4.74,20.2,1442.0,0.06519,6150.0,1.241,1.0457424046416777,0.4018409812868566,0.0012207223680554466,0.022148053509467056
Kepler-1356 b,1.53,2.96,1714.0,0.0136,5106.0,0.78,4.556441440802113,0.8867095838458818,0.0005325378573472804,0.0217303111314722
HAT-P-51 b,13.50682174,97.57332095,1168.2,0.05042,5453.0,0.995,0.2183131804437463,0.14343659321860672,0.0032584995466067457,0.021619159881217546
NGTS-4 b,3.18,20.6,1650.0,0.019,5143.0,0.84,3.5317848146249764,0.7102157390533878,0.0006403650106276031,0.021325977334856513
Kepler-656 b,3.12,9.91,1569.0,0.02231,5281.0,0.82,1.798946496492281,0.5570207108973603,0.0008160617248758593,0.021320489725296585
TOI-1768.01,3.453,11.8,1566.0,0.076381,5994.0,1.1,1.580158482206922,0.5166334182592104,0.0008235919348863316,0.020627532973456677
Kepler-1297 b,0.97,0.871,1790.0,0.0283,5818.0,0.99,5.261521225357933,0.9832818183896687,0.00043109491460996657,0.020588535439322216
CoRoT-7 b,1.68135,4.07660518,1756.0,0.017016,5275.0,0.83,4.728600696161147,0.8815908748648006,0.00047337163257343725,0.020428414321640227
WASP-177 b,17.71022,161.45764,1142.0,0.03957,5017.0,0.885,0.16024891817824632,0.1136816470038274,0.0036144784228678097,0.020270665015519572
HD 217786 c,2.61,7.31005336,1663.13,0.038,5966.0,1.27,2.266769704335135,0.6331701176466681,0.0006162857577686705,0.019753828129007174
K2-187 b,1.2,1.87,1815.0,0.0164,5438.0,0.83,5.966315880301855,0.9523046474315152,0.0004028348684010856,0.019586258379941195
Kepler-1427 b,1.1,1.37,1844.0,0.0197,5793.0,1.01,5.674804261357669,0.9783900224804826,0.00037274529936467726,0.01909686575919988
HATS-62 b,11.825495,56.89157,1237.0,0.04163,5416.0,0.933,0.18966985272866044,0.1381633873606122,0.0025038686901557253,0.018599542460450313
TOI-4495 b,2.483,7.7,1735.0,0.03957,6210.0,1.309,2.7731217750942116,0.6888781738229869,0.0005019279917146597,0.018594817512496167
Kepler-578 b,2.0,4.66,1774.0,0.0266,5334.0,0.83,3.211473215228147,0.7563734415711524,0.00045040972623145077,0.0184574633887434
TOI-4463 A b,13.26022417,252.35575516,1395.0,0.04036,5640.0,1.062,0.5967177957433142,0.23853262929676258,0.0014278453578320978,0.01845501848909578
CoRoT-17 b,11.43,772.29,1626.0,0.0461,5740.0,1.59,2.8513471439518425,0.4841214542441741,0.0006873091149268377,0.018241192072714348
TOI-1860 b,1.31,2.27,1885.0,0.0204,5752.0,0.94,5.566988763620885,0.9571184101318537,0.0003346052319105313,0.01789572092954089
Kepler-922 b,1.42,2.6,1876.0,0.01795,5671.0,0.93,5.006297906578608,0.9225756862737797,0.00034256732247677917,0.017777634337250436
HATS-8 b,9.785457,43.86054,1324.0,0.04667,5679.0,1.086,0.2580708844363406,0.1700648712548019,0.0018250270136851497,0.017617405714772553
K2-278 b,2.98,9.17,1711.0,0.0488,6747.0,1.61,1.9104202722314492,0.5762389929434983,0.0005370881584804249,0.017592360261336114
HATS-30 b,13.170575,224.38798,1414.0,0.04354,5943.0,1.061,0.541494133822671,0.22796875439326753,0.001339476886397004,0.01747452080403057
Kepler-1932 b,1.51482218,2.91,1891.0,0.0123,5278.0,0.815,4.615474939215174,0.891576376811053,0.00032941832777426313,0.017137724444398487
HATS-16 b,14.5717,1039.3041,1592.0,0.03744,5738.0,1.238,1.8519120205352892,0.3858031175296271,0.0007609503236170508,0.017134089037256602
HATS-41 b,14.90797,3082.951,1710.0,0.0583,6424.0,1.71,5.1300248195337215,0.5431052367879343,0.00053861510335425,0.017103352982522683
CoRoT-25 b,12.11,85.81,1330.0,0.0578,6040.0,1.19,0.266387503041497,0.16349015532016378,0.0017868095922423377,0.017091687387828573
WASP-151 b,13.30506009,100.43377661,1312.0,0.055,5871.0,1.181,0.2350918899398977,0.1495954185344506,0.001904393025730188,0.016878639510878722
WASP-190 b,12.89035,317.83,1500.0,0.0663,6400.0,1.6,0.818105163712449,0.27915332248171965,0.0010119877339295434,0.016807728526995507
Kepler-24 d,1.67,293.959,1305.0,0.051,5897.0,1.289,347.9731402132258,0.14402163451469172,0.0019525687026542107,0.016769380908623028
TOI-1294 b,10.12369881,63.9,1392.74,0.051,5718.0,1.5566,0.3395405006566173,0.19376727368070104,0.0014388075975881821,0.016697120276734586
Kepler-1543 b,2.71,7.8,1774.0,0.0867,6561.0,1.65,2.1607031475071126,0.6168713409434978,0.00045040972623145077,0.01666867876570872
TIC 183374187 b,14.03364384,177.98390792,1379.0,,5768.0,1.344,0.3550403896887377,0.18186741615990604,0.0015076312517208522,0.016558653335111414
TOI-205 b,2.50121142,6.81,1799.55,,6302.74,1.45382,2.3994089677516883,0.6525159050462861,0.00042003193782033454,0.016555286770551
WASP-155 b,13.45077684,276.8285425,1468.0,0.043,5660.0,1.24,0.6271582482430258,0.2433939943074776,0.0011214237110844629,0.01652113181207517
TOI-4087 b,13.04725353,232.01473711,1458.0,0.04469,6060.0,1.112,0.5759259418008611,0.23548455602927112,0.0011584452076653902,0.016516535817516977
CoRoT-13 b,9.92,415.704,1700.0,0.051,5945.0,1.01,2.3477808799193713,0.4680233123100987,0.0005541695414193962,0.016104790105942835
WASP-49 b,12.44199,117.5971,1400.0,0.0379,5600.0,0.97,0.33661653298194716,0.1827914907968554,0.001403940663862511,0.016019625680325843
TOI-4137 b,13.57407563,457.67290608,1570.0,0.05222,6202.0,1.438,1.0088643690893613,0.303174419563342,0.0008135697170420521,0.01570520699445049
WASP-66 b,15.6926,746.9005,1569.7,0.0546,6600.0,1.76,1.0655808576981602,0.2989435820852567,0.0008143163759824489,0.015602392585333762
WASP-46 b,13.159366,607.0553,1636.0,0.02335,5600.0,0.858,1.4686953890845462,0.3603183398672861,0.0006672719235755091,0.01550581541689369
TOI-858 B b,14.06727078,349.6112477,1529.0,0.04435,5842.0,1.308,0.6924114311074668,0.25216203127393233,0.0009235455486165665,0.015260508560108724
TOI-3877 b,11.67975789,99.7981198,1445.0,0.0529,5731.0,1.445,0.3453259479334478,0.18826551457942645,0.0012087503179714573,0.015085290869285277
HATS-34 b,16.02887,299.07803,1445.0,0.03166,5380.0,0.98,0.4003908701061046,0.18641076773682347,0.0012087503179714573,0.015010798605510262
Kepler-1031 b,0.87,0.59,2024.0,0.0218,6011.0,1.12,4.939723366131309,0.9506979712456544,0.00023552024699969389,0.014963576477897401
CoRoT-12 b,16.14,291.438,1442.0,0.04016,5675.0,1.116,0.38215888506153917,0.18178381032353869,0.0012207223680554466,0.014896562134005694
WASP-147 b,12.498035,87.40325,1404.0,0.0549,5702.0,1.429,0.2468372768652353,0.15594046461516553,0.0013851561946871453,0.014697003115060163
WASP-22 b,13.78707,212.9461,1502.0,0.047,6000.0,1.24,0.4479836081122319,0.20519902743281151,0.0010055765880067173,0.01436465585623907
Kepler-1589 b,1.09,1.32,2102.0,0.0205,6166.0,1.25,5.619566461397856,0.982320365631912,0.00019519788699294435,0.013847269034776705
HAT-P-46 b,14.392,156.684,1458.0,0.0577,6120.0,1.396,0.2897807777165525,0.16302249418418457,0.0011584452076653902,0.013742366140127674
Kepler-780 b,0.89,0.64,2099.0,0.015,5769.0,1.02,5.005164188350153,0.9575166812581561,0.00019659005498946105,0.013719994789425656
TOI-4214 b,10.68215861,165.27077164,1642.0,0.05018,6370.0,1.434,0.7475278249561901,0.28113548134492045,0.0006555802722213959,0.013575966830807893
K2-39 b,6.27704,28.6047,1670.0,0.05708,4881.0,2.97,0.6376481196332077,0.2983177213788039,0.0006041128696539112,0.013424513947654313
TOI-2587 A b,12.07207221,69.28659273,1445.0,0.0635,5760.0,1.726,0.21712613699559258,0.14734359019402987,0.0012087503179714573,0.013345471572712958
TOI-1296 b,14.11645916,95.3,1414.84,0.051,5567.0,1.7031,0.1867772372040815,0.13079706375927025,0.0013357213362249832,0.013217731604887307
TOI-3894 b,15.27784069,260.61929374,1531.0,0.05354,6000.0,1.502,0.40292944604414777,0.18941858410487022,0.0009177894606847392,0.01318508172706092
TOI-7008 b,4.94735276,21.7,1783.0,,5116.06,0.95255,0.987983006581331,0.3877187247458494,0.00043942246912429114,0.013052674796896709
XO-6 b,23.20263,1398.452,1577.0,0.0815,6720.0,1.93,0.6172261180272254,0.2085188271979844,0.0007963747169922609,0.012886392900938298
WASP-36 b,14.874343,750.39663,1733.0,0.02677,5959.0,0.985,1.2571464501913572,0.32625018328882494,0.0005047521550910866,0.012832594558930644
TOI-1444 b,1.41792246,3.58,2130.02,0.0116,5460.0,0.9105,6.923631667980881,0.8881160071854715,0.00018274103560996733,0.012739514861047976
K2-97 b,13.45077684,174.48779544,1566.0,0.0854,4673.0,4.14,0.3953041082385419,0.1940971923403561,0.0008235919348863316,0.012643452147083815
Kepler-685 b,10.58,78.8,1579.0,0.0265,5963.0,1.16,0.36684076369550195,0.19915497878475644,0.0007915408150950282,0.01255544878678254
WASP-64 b,14.247,403.945,1689.0,0.02648,5400.0,1.058,0.7701234335492851,0.26426147047066806,0.000571895196138968,0.0122934887435095
WASP-4 b,15.12091496,381.3940884,1653.0,0.02261,5436.0,0.912,0.6082023850962291,0.2324665794623461,0.0006347669053200577,0.012147513788247072
TOI-3912 b,14.28024141,129.03833324,1512.0,0.0463,5725.0,1.392,0.24429831484875317,0.14973006655212015,0.0009742303083755343,0.012077730288020233
HD 213885 b,1.745,8.83,2128.0,0.02012,5978.0,1.1011,9.161841710803479,0.7839833760916487,0.00018360708105159335,0.01199770391688181
Kepler-1087 b,0.61,0.165,2161.0,0.01554,5589.0,0.94,4.007770218067594,0.8428589245893009,0.00017004376548515027,0.011971754479186792
HATS-3 b,15.48,340.382,1648.0,0.0485,6351.0,1.404,0.5058969850926242,0.21123180105059383,0.0006441294324402677,0.011664502566507265
CoRoT-36 b,15.80466279,216.12331676,1567.0,0.066,6730.0,1.52,0.3018243652810693,0.16231493182443402,0.0008210727961948734,0.01154436550604962
TOI-2583 A b,14.4595851,79.45710175,1456.0,0.0571,5936.0,1.477,0.14490173966334766,0.11390693885709252,0.0011660214222331863,0.011524666192492329
K2-132 b,14.5717,155.7367,1586.0,0.0916,4840.0,3.85,0.2775036361046764,0.15894421948705575,0.0007748924737600968,0.011097958345037722
Kepler-80 f,1.21,4459.73,1054.0,0.0175,4540.0,0.678,13879.084826459792,0.021328172077016618,0.005196588822803531,0.010527760475345881
HATS-66 b,15.815899,1694.0339,1998.0,0.04714,6626.0,1.841,2.3607436091822884,0.41469333593390634,0.0002510927266667394,0.010204238357181327
MOA-2007-BLG-400L b,13.5,540.3082919,34.0,5.9,,,1.2107338970074972,0.32931979513082654,0.000311594490706123,0.010129868402068936
KELT-15 b,19.50366,416.3573,1642.0,0.04613,6003.0,1.78,0.3094042007075394,0.15530811906006914,0.0006555802722213959,0.010090437997014456
HD 102956 b,13.8,305.1168,1804.96,0.0807,4985.0,4.55,0.6400843903402723,0.24412123240454986,0.00041391345963922796,0.010052117382718889
WASP-174 b,16.10730527,104.88337431,1528.0,0.05503,6399.0,1.347,0.1383714068943402,0.10803605150418184,0.0009264395516188538,0.010004442568889365
TOI-3807 b,18.49481816,330.54154328,1646.0,0.0421,5772.0,1.468,0.2880608433443788,0.15194464838260502,0.000647919976964253,0.00992209519607119
TOI-6016 b,13.67495645,371.85923619,1890.0,0.055,6110.0,1.51,0.801694846074692,0.2722306121998345,0.0003302761915378283,0.009482156390683123
WASP-79 b,17.14974047,270.15414595,1716.2,0.0519,6600.0,1.51,0.2952890583175273,0.1570374022779562,0.0005292298477212991,0.009116407214144789
HD 80653 b,1.621,5.61,2438.0,0.01657,5959.0,1.199,7.2614306033605525,0.8555776729380044,9.279460567347733e-05,0.008910274562734499
DMPP-2 c,8.26,51.79,1910.88,0.04789,6500.0,1.78,0.5066571123417202,0.24913082543105125,0.00031289720295119987,0.008829062149871843
CoRoT-35 b,18.83108758,349.6112477,1747.0,0.0429,6390.0,1.65,0.288647341039351,0.1513622925944674,0.000485369021827062,0.008571264078190461
TOI-5592 b,17.14974047,285.72773789,1789.0,0.03935,6237.0,1.393,0.3123116040290233,0.1615641903992686,0.0004322730976899824,0.00835702417488821
OGLE-TR-132 b,13.45,375.02,2013.0,0.03035,6210.0,1.32,0.8497593482351141,0.28094080902832613,0.00024196545248104159,0.008244875376676643
HD 143105 b,13.7,384.5743,2028.25,0.0379,6380.0,1.647304,0.8245688632061733,0.27569058582193334,0.00023308441758550412,0.00801618236008337
HATS-18 b,14.896761,629.144485,2069.48,0.0174,5600.0,1.02,1.049260244525695,0.30104180068828157,0.0002109325201256936,0.007968657708946721
WASP-74 b,15.24424,228.8376,1865.0,0.03443,5990.0,1.42,0.35613809083523756,0.17817331292002112,0.0003526041980567595,0.007926200736625342
HATS-64 b,18.819911,305.1168,1793.0,0.06562,6554.0,2.113,0.2523607442489503,0.14136146508738648,0.000427583018439438,0.007774558632686871
TOI-4773 b,15.22179579,1687.66884117,2255.0,0.03216,6740.0,1.55,2.638140570937245,0.4364600430089326,0.00013742388335274294,0.0077446777879129815
HAT-P-39 b,17.609,190.372,1752.0,0.0509,6430.0,1.625,0.19222389217252261,0.1251200157428094,0.0004786601186707188,0.007738860483529559
HD 212301 b,14.2,162.0933,1870.75,0.03,6239.0,1.16,0.31211051863862227,0.16988542952462074,0.00034731502780129366,0.007681390673463912
HAT-P-40 b,17.03768,152.5584,1770.0,0.0608,6080.0,1.94,0.17006428928157857,0.11847647861688176,0.0004553967521016873,0.007345325286369077
HATS-35 b,16.409976,388.38826,2037.0,0.03199,6300.0,1.433,0.484563425327909,0.2036007672720135,0.00022816238107412615,0.006815719760179524
HAT-P-66 b,17.82231,248.86089,1896.0,0.04363,6002.0,1.881,0.24236675265470126,0.14051994742748386,0.0003251682192644009,0.006759631726368098
HAT-P-49 b,17.82231,699.226,2131.0,0.04378,6820.0,2.06,0.6809793816607187,0.23480007291711416,0.00018232261078721573,0.006542886389604888
Qatar-7 b,19.0553,597.5204,2053.0,0.0352,6387.0,1.564,0.47611705654773095,0.19387126820725445,0.00021947537189989704,0.006523033703001377
HATS-40 b,17.71022,505.3497,2101.0,0.04997,6460.0,2.26,0.5015664958728576,0.2028707680233075,0.000195660647365398,0.006300303627838569
WASP-142 b,17.14977,266.9772,2000.0,0.0347,6010.0,1.64,0.2918150245892755,0.1560961683193685,0.000249852589427674,0.006245080612316567
KELT-16 b,15.860735,874.0325,2453.0,0.02044,6236.0,1.36,1.207719362692475,0.3151177924191757,8.996261269963696e-05,0.005324360986463155
Kepler-238 b,1.73,3305.02,1642.0,0.034,5751.0,1.43,3519.201686034931,0.04181607078724279,0.0006555802722213959,0.005235818089843247
HATS-67 b,18.887165,460.8535,2193.0,0.03032,6594.0,1.441,0.37711251171269505,0.17308743036564664,0.0001580061151888694,0.005229614943769739
OGLE-2017-BLG-0364L b,10.3,75.8,,3.79,,,0.38244228648606027,0.204777385672784,,
OGLE-2017-BLG-0373L b,14.0,127.0,,2.424,,,0.255169045116915,0.15391364267522006,,
CoRoT-7 d,4.31,17.142,,,5250.0,0.8389,1.1804240650576525,0.4336260022893754,,
KMT-2021-BLG-1547L b,13.6,467.20775829,,4.5,,,1.024004099506795,0.30506645762062384,,
K2-392 b,1.85,4.08,,,5726.0,1.058,3.552657596342724,0.7936483613861003,,
UKIRT-2017-BLG-001L b,13.7,407.0,,4.18,,,0.8726519877301019,0.28303067793249925,,
TIC 38825265 b,2.18869476,5.43,,,4375.52,0.664503,2.8553056822084857,0.7137749152179834,,
KIC 8540376 c,2.4,6.35,,,6474.0,1.26,2.53249370587679,0.6712548631855627,,
TOI-1203 e,7.31,42.1,,,5737.0,1.179,0.5942077878214772,0.2776538092803136,,
OGLE-2016-BLG-0263L b,13.0,1300.0,,5.4,,,3.262283277271653,0.49019280586615305,,
KMT-2023-BLG-2209L b,13.9,254.2627256,,3.51,,,0.5219713569987703,0.2207403717616635,,
KMT-2021-BLG-0748L b,14.3,143.02278315,,2.43,,,0.26965314323475403,0.15742402936173133,,
OGLE-2019-BLG-0960L b,1.39,2.5,,1.9,,,5.132204846060719,0.932291901532625,,
OGLE-2016-BLG-1800L b,13.2,823.17557413,,1.88,,,1.9732361178352553,0.40618638137003893,,
OGLE-2019-BLG-1492L b,6.79,37.1,,2.7,,,0.6533907189577319,0.2960195647732979,,
K2-195 c,2.57581891,7.16,,,5712.0,0.906367,2.3098055219406244,0.6394190734533137,,
K2-201 c,3.28568401,10.8,,,5507.0,0.878161,1.6786290987290882,0.5355055712602248,,
K2-401 b,2.262,5.74,,,4213.0,0.675,2.7342767218774555,0.6983461893998528,,
KMT-2019-BLG-1367L b,1.85,4.08,,1.7,,,3.552657596342724,0.7936483613861003,,
TOI-544 c,4.92,21.5,,,4169.0,0.623,0.9952943211388958,0.389528427902733,,
SWEEPS-4 b,9.079,1207.7,,0.055,,1.18,8.897200805818354,0.5464452295552202,,
Kepler-19 d,5.06,22.5,,,5544.0,0.859,0.9575012334469657,0.38019413084377335,,
KMT-2016-BLG-2142L b,12.2,4923.0,,0.83,,,14.94716119965664,0.419464160276963,,
Kepler-468 b,13.34,,484.0,0.2213,5498.0,0.87,,,0.12624250872959486,
Gaia22dkvL b,14.1,187.83658854,,1.4,,,0.3694292077559776,0.18529814010654153,,
KMT-2024-BLG-0404L c,4.33,17.3,,,,,1.174872635515988,0.43226252434397006,,
OGLE-2014-BLG-0676L b,13.0,1169.60853776,,4.53,,,2.9350725951450762,0.4727607114063744,,
K2-202 b,2.30165603,5.91,,,5491.0,0.910685,2.6722346547026707,0.6902357509623649,,
OGLE-2015-BLG-1649L b,13.2,807.0,,2.07,,,1.9344616107882362,0.4030150527351003,,
GJ 508.2 b,,587.98255295,59.3,4.85,3720.0,0.53,,,0.00434721298899032,
OGLE-2015-BLG-1771L b,14.3,138.0,,0.85,,,0.2601832585467769,0.15457724073430731,,
EPIC 206042996 b,1.7,3.53,,,4114.0,0.5,3.9612870643638316,0.8343908591452976,,
OGLE-2012-BLG-0358L b,13.4,588.0,,0.87,,,1.3473217027569824,0.34564936559525766,,
EPIC 206032309 b,1.01,1.01,,,3489.0,0.37344,5.404625760797071,0.9934101571372461,,
K2-384 b,1.076,1.26,,,3623.0,0.348,5.576248322882382,0.9862593765039039,,
KMT-2023-BLG-0416L b,3.67,13.03096469,,2.96,,,1.4534053340195259,0.49210366558043284,,
K2-186 b,3.17207779,10.2,,,5784.0,0.98083,1.761882974377424,0.5503776736645448,,
MOA-2022-BLG-249L b,2.04,4.83,,1.63,,,3.1366423579761604,0.7475168579849624,,
K2-378 b,2.88,8.65,,,4823.0,0.732,1.9963975061820352,0.5906141199961542,,
HD 181433 c,,2207.00045821,153.53,1.885,4918.0,0.79,,,0.20327129167713637,
BD-08 2823 b,,2948.49413174,798.86,0.06,4816.0,0.71,,,0.017422596720824378,
HD 202696 b,,634.38868,492.46,1.566,5040.0,6.43,,,0.11847338170965269,
NGC 2682 YBP 401 b,14.3,146.2018,,,6165.0,1.215821,0.2756468168797403,0.1591981832586289,,
TIC 24750448 c,3.09028272,9.75,,,4545.43,0.713599,1.8214545958323793,0.5609730342909482,,
K2-408 b,1.677,3.45,,,5335.0,0.784,4.033000554874974,0.8410939200577635,,
MOA-2015-BLG-337L b,6.42,33.7,,0.24,,,0.7021553207552279,0.3106251438137583,,
TIC 320419023 b,2.77280763,8.11,,,5703.36,0.952319,2.0973456393357806,0.6069164197136531,,
TIC 65612701 b,5.07802804,22.7,,,5692.29,1.73709,0.9557602136474118,0.3795573721310983,,
OGLE-2014-BLG-1722L c,11.0,83.7,,1.7,,,0.3467015450187131,0.19162840164431616,,
KMT-2016-BLG-1337L b,11.4,88.99195396,,3.97,,,0.33116510062076326,0.18550944863955876,,
MOA-2016-BLG-319L b,14.1,200.0,,0.95,,,0.3933517006749803,0.19120807834286446,,
TIC 290487717 b,6.63777941,35.7,,,5328.97,0.943767,0.6729892758479573,0.30192017377669156,,
KMT-2021-BLG-1077L b,9.86,69.92224954,,1.26,,,0.40215458237573,0.21237303330966664,,
KMT-2021-BLG-0852L b,14.2,155.73591943,,7.78,,,0.299869387469809,0.16647493628341978,,
OGLE-2016-BLG-0613L AB b,13.0,1330.0,,6.4,,,3.3375667375163833,0.4939493017400978,,
SR 12 AB c,12.3,4131.62,,,3828.93,1.103075,12.240901724588305,0.45157517580144,,
TIC 142589416 b,2.67899519,7.65,,,4396.27,0.713832,2.1935826785757673,0.6219400767330503,,
TOI-1634 c,,,,,3472.0,0.45,,,,
KMT-2017-BLG-0165L b,6.45,34.0,,3.45,,,0.6985671314737407,0.30951452080141617,,
OGLE-2018-BLG-1119L b,13.9,289.22385037,,4.06,,,0.5937424185861011,0.23499981230890002,,
K2-396 c,3.124,9.93,,,5236.0,0.92,1.7956618148704542,0.5564562762378257,,
2MASS J01033563-5515561 AB b,12.3,4131.79,,84.0,,,12.24140538980756,0.4515683209834771,,
TIC 160113658 b,3.49015778,12.0,,,4817.31,0.789834,1.556160683815919,0.5121368044075228,,
HD 23079 c,2.8,8.26,,,5994.0,1.08,2.0745042447497224,0.6031070226281549,,
OGLE-2018-BLG-1269L b,14.1,210.0,,4.51,,,0.41301928570872937,0.19591591200604327,,
HD 127195 c,14.1,206.58846455,,,4981.0,4.16,0.40630961935287696,0.1943244687235804,,
K2-183 b,1.1,1.37,,,5482.0,0.87,5.674804261357669,0.9783900224804826,,
K2-386 b,2.32,5.99,,,5749.0,0.97,2.6446684984256374,0.6865726211800686,,
K2-206 b,2.79522879,8.22,,,5043.0,0.758046,2.075047820809027,0.6033844492775744,,
KMT-2021-BLG-0322L b,12.7,2034.1018048,,,,,5.4748206514570015,0.5768765566867633,,
EPIC 220492298 b,0.99,0.937,,,5620.0,0.89,5.324053140380419,0.9893592303046987,,
WASP-126 c,9.38,64.2,,,5800.0,1.27,0.42887910452489186,0.222124066787171,,
GJ 667 C c,1.77,3.8,,0.125,3350.0,,3.778088893043548,0.8160896499820108,,
K2-395 c,3.395,11.4,,,5007.0,0.783,1.606178802397443,0.5220943354587334,,
KMT-2020-BLG-0202L b,12.4,3902.93283796,,4.17,,,11.28585320178981,0.46414398509767574,,
HD 127195 b,14.0,212.94503269,,,4981.0,4.16,0.4278502413692721,0.1997597782309173,,
KIC 10068024 b,13.4,635.656814,,,6118.4,1.574,1.45652078402646,0.3573322277768712,,
OGLE-2013-BLG-0102L b,12.3,4100.0,,0.8,,,12.1472199938068,0.4528553873823149,,
Kepler-718 b,16.56,,1497.0,0.0322,6191.0,1.3,,,0.0010216950620600745,
K2-201 b,1.40006712,2.54,,,5507.0,0.878161,5.1026469607293015,0.9296850481671862,,
OGLE-2016-BLG-1195L b,1.11,1.43,,1.16,,,5.764683599730046,0.9728914075549954,,
MOA-2009-BLG-266L b,3.21,10.4,,3.2,,,1.7335110589565268,0.5453523084056462,,
